"Participant","Experiment_Duration","Date","Time","Browser","Mobile","Platform","Screen_Width","Screen_Height","Source","Gender","Age","Education","Discipline","Student","Ethnicity","Country","SexualOrientation","SexualStatus","StimuliChoice","Bait_Duration","BAIT_InterestingAI","BAIT_EmotionalHuman","BAIT_UserAI","BAIT_UnderstandingAI","BAIT_ImagesRealistic","BAIT_Worry","BAIT_Exciting","BAIT_TextIssues","BAIT_ExpertAI","BAIT_UniqueHuman","BAIT_VideosIssues","BAIT_TextRealistic","BAIT_ContentDetection","BAIT_ImageDistinctionEasy","BAIT_TextDifferentiation","BAIT_PreferenceHuman","BAIT_Dangerous","BAIT_ImagesIssues","BAIT_InnovativeAI","BAIT_TrustHuman","BAIT_ImageDistinctionBad","BAIT_Benefit","BAIT_ImitatingReality","BAIT_VideosRealistic","BAIT_ImpersonalAI","BAIT_EnvironmentReal","COPS_Duration","SexualActivity","COPS_Frequency_2","Feedback_NoFacesAttractive","Feedback_SomeFacesAttractive","Feedback_AIMoreAttractive","Feedback_AILessAttractive","Feedback_DiffObvious","Feedback_DiffSubtle","Feedback_DiffNone","Feedback_LabelsIncorrect","Feedback_LabelsReversed","Feedback_AllReal","Feedback_AllFake","Feedback_AllRealConfidence","Feedback_AllFakeConfidence","Feedback_Enjoyment","Feedback_Text","Instruction_Duration1","Instruction_Duration2","Eyetracking_Validation1_Mean","Eyetracking_Validation1_Max","Eyetracking_Validation1_Min","Eyetracking_Validation1_Distance","Eyetracking_Validation2_Mean","Eyetracking_Validation2_Max","Eyetracking_Validation2_Min","Eyetracking_Validation2_Distance","Screen_Size"
"S001",26.3437333333333,"21/01/2025","15:47:54","firefox","True","Android OS",980,1921,"prolific","Female",38,"High school","Prefer not to say","False","White","United Kingdom","Heterosexual","In a relationship and not open to dating","Prefer not to say",3.4362,5,4,3,5,5,4,4,5,3,5,3,3,3,2,3,5,5,3,4,4,1,3,5,5,3,5,0.135466666666667,"within the last 3 days","I haven't watched pornography in the past 30 days","False","True","False","False","False","False","False","False","False","False","False",NA,NA,2,"",51.036,8.585,20,100,0,0.0652893200493006,20,100,0,0.0454218976808228,1372.07142671218
"S002",32.5379833333333,"27/01/2025","21:16:46","chrome","False","Windows 10",1517,716,"prolific","Male",34,"Other","Prefer not to say","Prefer not to say","Mixed","South Africa","Heterosexual","Single and open to dating","Prefer not to say",2.41913333333333,0,6,2,0,5,5,4,4,0,6,6,0,0,0,6,5,4,0,0,6,4,4,2,0,3,2,0.577266666666667,"more than a year ago","I watched pornography twice in the past 30 days","False","True","False","True","False","False","True","False","False","False","False",NA,NA,4,"Fascinating question the study makes me ask myself: ""Do I know how to differentiate from AI & Human-Gernerated?"". Evidently, it feels like I don't. Thank you for the opportunity to participate.",156.786,37.839,0,0,0,149.768914634144,3.24960127591707,13.6363636363636,0,162.708514045837,1042.19575896278
"S003",39.44965,"28/01/2025","12:48:47","edge-chromium","False","Windows 10",1358,650,"prolific","Female",62,"Doctorate","Medicine","Prefer not to say","Mixed","South Africa","Heterosexual","In a relationship and not open to dating","Prefer not to say",3.25558333333333,5,4,6,5,3,1,6,6,3,3,2,5,5,6,1,5,0,2,5,4,1,6,5,5,4,3,0.452433333333333,"within the last 3 days","I watched pornography twice in the past 30 days","False","True","True","False","True","False","False","False","True","False","False",NA,NA,4,"not yet but i enjoyed the experiment a lot",270.669,61.15,1.33333333333333,13.3333333333333,0,58.6047778669784,NA,NA,NA,NA,939.521154631443
"S004",17.4015666666667,"30/01/2025","18:36:41","chrome","False","Windows 10",2560,1269,"prolific","Male",42,"Master","Otther","False","White","United Kingdom","Homosexual","In a relationship and not open to dating","Prefer not to say",1.68336666666667,3,2,5,2,4,1,5,4,1,2,2,5,2,1,5,4,1,4,4,5,3,4,5,4,4,3,0.172316666666667,"within the last month","I watched pornography multiple times a week","False","True","False","False","False","False","True","False","False","False","False",NA,NA,4,"",3.974,6.178,17.0819209039548,100,0,125.266377083883,9.94632768361582,38.9830508474576,0,115.608593687672,1802.39840212978
"S005",25.8859166666667,"30/01/2025","20:52:11","chrome","False","Windows 10",1366,641,"prolific","Female",22,"High school","Prefer not to say","True","Black","South Africa","Heterosexual","In a relationship and not open to dating","Prefer not to say",2.5748,6,5,6,3,6,6,4,4,3,5,4,3,3,3,4,6,6,4,6,6,3,4,6,5,5,6,0.513016666666667,"within the last week","I watched pornography twice in the past 30 days","False","True","False","True","False","False","False","True","False","True","False",3,NA,3,"",115.8,32.501,2.69005847953216,15.7894736842105,0,92.2534273043618,9.74358974358974,50,0,74.5606480525952,935.738211253554
"S006",20.5886,"30/01/2025","21:17:03","chrome","False","Windows 10",1536,730,"prolific","Female",23,"High school","Prefer not to say","True","Black","South Africa","Heterosexual","In a relationship and not open to dating","Prefer not to say",1.72663333333333,2,6,6,4,4,5,5,5,3,6,4,2,5,5,2,6,5,6,3,6,0,4,4,5,5,3,0.198683333333333,"within the last week","I watched pornography twice in the past 30 days","False","True","False","False","False","False","False","True","False","False","False",NA,NA,4,"Study kept refreshing and forces one to start all over. In future please set it such that it continues where you left off.",4.345,23.079,2.37391774891775,8.57142857142857,0,67.9354473332473,2.05042016806723,17.6470588235294,0,71.132911886604,1058.90509489756
"S007",33.60355,"03/02/2025","14:27:17","chrome","False","Windows 10",1536,730,"prolific","Female",23,"Bachelor","Arts and Humanities","False","Black","South Africa","Heterosexual","Single and open to dating","Prefer not to say",2.76741666666667,4,6,5,5,6,5,4,5,0,6,1,6,0,0,6,6,3,0,5,6,5,6,6,6,6,6,0.721783333333333,"less than 24h ago","I watched pornography weekly","False","True","False","True","False","False","True","False","False","True","False",4,NA,4,"I liked this experiment. keep them coming!",82.045,27.99,7.2969023962595,30.5084745762712,0,97.8291253839667,4.28423923631405,15.5172413793103,0,162.298890877331,1058.90509489756
"S008",49.9761833333333,"03/02/2025","15:46:51","chrome","False","Windows 10",1366,641,"prolific","Male",22,"High school","Prefer not to say","True","Black","South Africa","Heterosexual","In a relationship and open to dating","Prefer not to say",2.10686666666667,6,5,4,4,5,5,4,5,4,5,6,5,5,3,5,5,4,5,5,6,3,5,5,5,3,5,0.525966666666667,"within the last 3 days","I watched pornography twice in the past 30 days","False","True","True","False","False","False","False","False","False","True","False",4,NA,4,"none",34.273,44.483,0.833333333333333,8.33333333333333,0,85.5996858687775,3.98900748038679,28.5714285714286,0,109.202391326663,935.738211253554
"S009",20.8193166666667,"04/02/2025","12:04:34","chrome","False","Windows 10",1336,589,"prolific","Male",23,"High school","Prefer not to say","True","Black","South Africa","Heterosexual","Single and open to dating","Prefer not to say",1.03748333333333,4,4,3,4,3,6,3,2,0,3,4,3,4,3,3,6,5,3,3,4,4,3,4,2,3,5,0.244283333333333,"within the last year","I watched pornography twice in the past 30 days","False","True","False","True","False","False","True","True","True","False","False",NA,NA,2,"no",60.672,70.343,5.50564971751412,30,0,67.0482652027831,1.35057471264368,8.33333333333333,0,72.6142259403723,887.076095946678
"S010",29.45165,"04/02/2025","12:06:33","edge-chromium","False","Windows 10",1358,608,"prolific","Female",40,"Bachelor","Arts and Humanities","False","Black","South Africa","Heterosexual","Single and open to dating","Prefer not to say",3.07806666666667,3,4,5,4,5,1,5,3,3,4,4,4,5,4,2,3,5,4,5,2,1,4,3,4,4,4,0.440116666666667,"within the last month","I haven't watched pornography in the past 30 days","False","True","True","False","False","False","False","False","False","True","False",3,NA,3,"",52.463,15.328,1.52542372881356,13.5593220338983,0,118.636255745431,1.1864406779661,6.77966101694915,0,123.92209613376,908.660552681803
"S011",22.1650666666667,"04/02/2025","12:14:06","chrome","False","Windows 10",2048,1191,"prolific","Male",23,"Bachelor","Engineering, Computer Science","False","Black","South Africa","Heterosexual","Single and open to dating","Prefer not to say",1.49506666666667,3,4,5,5,3,6,6,3,3,4,3,6,2,2,4,3,3,1,5,3,2,5,4,4,3,4,0.211966666666667,"within the last month","I watched pornography daily","False","True","False","True","False","False","True","False","False","True","False",5,NA,4,"",44.284,29.61,0.4,4,0,185.283534440294,2.03333333333333,12,0,448.715114887683,1561.78359576479
"S012",24.5396666666667,"04/02/2025","12:17:31","chrome","False","Windows 10",1536,776,"prolific","Female",24,"Bachelor","Business, Economics","False","Black","South Africa","Heterosexual","In a relationship and not open to dating","Prefer not to say",1.90211666666667,6,1,6,4,6,1,6,1,2,5,5,4,1,1,6,3,3,4,6,3,5,4,5,6,0,5,0.2843,"within the last month","I watched pornography multiple times a week","False","True","True","False","False","False","False","True","False","False","False",NA,NA,4,"",131.895,21.343,36.9110656536139,89.8305084745763,0,34.5430695388447,3.50574712643678,15,0,100.178112225001,1091.75821499085
"S013",28.1976333333333,"04/02/2025","12:21:28","chrome","False","Windows 10",1600,731,"prolific","Male",23,"Bachelor","Medicine","True","Black","South Africa","Heterosexual","In a relationship and not open to dating","Prefer not to say",2.54421666666667,3,0,6,6,6,1,6,0,4,4,0,0,0,0,4,3,2,0,5,3,4,6,6,4,3,6,0.311266666666667,"within the last 3 days","I watched pornography weekly","False","True","True","False","False","False","True","False","False","False","False",NA,NA,4,"I enjoyed the experiment and i am fully willing to participate in future experiments with you",140.483,38.125,5.31555474095797,16.1290322580645,0,151.971976384574,10.8075597465197,30,0,201.623744039424,1081.48046676766
"S014",38.26635,"04/02/2025","12:37:00","chrome","False","Windows 10",500,568,"prolific","Male",25,"Bachelor","Business, Economics","True","Black","South Africa","Heterosexual","In a relationship and not open to dating","Prefer not to say",2.11376666666667,5,4,6,3,5,1,5,5,3,4,5,5,5,4,5,5,0,4,5,5,3,5,4,4,5,5,0.404483333333333,"within the last 3 days","I watched pornography weekly","False","True","True","False","True","False","False","False","False","False","True",NA,3,4,"It was good",53.868,26.341,0,0,0,79.0372629874213,0,0,0,80.2640304166591,532.916503778969
"S015",20.2124666666667,"04/02/2025","15:05:40","chrome","False","Chrome OS",1536,695,"prolific","Female",59,"High school","Prefer not to say","False","White","United Kingdom","Heterosexual","In a relationship and not open to dating","Prefer not to say",1.40173333333333,2,5,3,3,6,5,5,3,1,5,2,5,2,2,4,5,4,2,6,5,3,3,5,6,5,5,0.269033333333333,"less than 24h ago","I haven't watched pornography in the past 30 days","False","True","False","False","False","False","False","False","False","False","False",NA,NA,4,"",64.914,28.043,0,0,0,148.418989076173,1.52416823603264,7.40740740740741,0,180.68229570156,1033.20859462163
"S016",18.82315,"04/02/2025","15:26:30","chrome","False","Windows 10",1536,730,"prolific","Male",30,"High school","Prefer not to say","False","White","United Kingdom","Heterosexual","In a relationship and not open to dating","Prefer not to say",1.527,0,4,0,0,4,6,5,3,0,6,3,4,1,3,4,6,5,0,1,6,3,2,3,4,4,3,0.221966666666667,"less than 24h ago","I watched pornography daily","False","True","False","False","False","False","False","False","False","True","False",2,NA,2,"",69.628,16.838,16.0593220338983,65,0,64.3192240728294,7.11864406779661,22.0338983050847,0,66.8321704203019,1058.90509489756
"S017",29.8393166666667,"04/02/2025","16:33:08","chrome","False","Windows 10",1366,641,"prolific","Female",28,"High school","Prefer not to say","False","Mixed","South Africa","Bisexual","In a relationship and open to dating","Women (and heterosexual couples)",2.30156666666667,0,6,1,4,2,5,3,6,1,6,4,1,3,4,2,5,3,4,3,5,2,1,3,2,6,3,0.26945,"within the last week","I watched pornography once in the past 30 days","False","True","False","False","False","False","True","True","False","False","False",NA,NA,4,"",144.882,46.006,1.50623885918004,6.06060606060606,0,93.6101964804875,3.04865424430642,17.3913043478261,0,146.362811410534,935.738211253554
"S018",31.8225333333333,"04/02/2025","16:36:54","chrome","False","Windows 10",1366,641,"prolific","Female",24,"High school","Prefer not to say","False","Black","South Africa","Heterosexual","Single and open to dating","Prefer not to say",2.50665,5,6,5,5,5,3,6,6,3,5,4,4,5,4,3,5,2,3,6,6,2,6,4,4,5,4,0.591483333333333,"within the last 3 days","I watched pornography multiple times a week","False","True","False","False","False","False","True","False","False","False","False",NA,NA,4,"",113.223,37.346,17.6223776223776,90.9090909090909,0,65.3340691520644,8.0952380952381,58.3333333333333,0,77.8174656003612,935.738211253554
"S019",42.4608166666667,"04/02/2025","16:40:15","chrome","False","Windows 10",500,588,"prolific","Male",24,"Bachelor","Engineering, Computer Science","True","Black","South Africa","Homosexual","In a relationship and not open to dating","Prefer not to say",3.90408333333333,5,4,3,5,6,3,6,4,2,3,3,6,1,2,5,1,6,2,6,5,1,6,5,6,5,6,0.410066666666667,"within the last week","I watched pornography multiple times a week","False","True","False","False","False","False","True","False","False","False","False",NA,NA,4,"AI photo has a dreamy like quality , and photo graphs are more grounded in reality but it can also be difficult to differentiate ",119.786,59.66,2.95434782608696,13.0434782608696,0,79.347341162469,2.20512820512821,11.5384615384615,0,120.566329172383,542.217668469038
"S020",24.2734833333333,"05/02/2025","12:31:06","chrome","False","Mac OS",1693,892,"prolific","Male",29,"Bachelor","Other","False","White","United States","Heterosexual","In a relationship and not open to dating","Prefer not to say",1.67496666666667,0,6,4,4,6,6,3,1,2,6,5,5,4,5,6,6,6,2,0,6,2,1,3,2,6,4,0.266516666666667,"less than 24h ago","I watched pornography multiple times a week","False","True","False","True","False","False","False","False","False","False","False",NA,NA,4,"",57.259,22.092,9.66101694915254,23.728813559322,0,79.2287703650179,9.83050847457627,28.8135593220339,0,78.8354247703757,1228.88404660489
"S021",20.6098833333333,"05/02/2025","18:16:13","firefox","False","Linux",1920,964,"prolific","Male",35,"Bachelor","Biology, Chemistry, Physics","False","White","United Kingdom","Heterosexual","Single and open to dating","Prefer not to say",1.59268333333333,3,6,6,4,5,1,6,4,4,6,4,3,4,3,2,3,1,2,6,3,3,6,4,4,3,5,0.173266666666667,"less than 24h ago","I watched pornography multiple times a day","False","True","False","False","False","False","True","True","False","True","False",4,NA,4,"no",79.115,21.021,20,100,0,0.0118644067796595,20,100,0,0,1360.4705068468
"S022",19.88905,"05/02/2025","20:17:32","chrome","False","Windows 10",1366,641,"prolific","Female",33,"Bachelor","Other","False","Black","South Africa","Heterosexual","In a relationship and not open to dating","Prefer not to say",1.35286666666667,6,6,6,6,6,6,6,6,6,6,6,0,6,6,6,6,0,6,6,6,0,6,6,6,6,6,0.461833333333333,"within the last 3 days","I haven't watched pornography in the past 30 days","False","True","True","False","False","False","True","True","False","False","False",NA,NA,4,"",36.464,11.427,2.14285714285714,16.6666666666667,0,93.1460735642608,2.90434782608696,16,0,82.00043949065,935.738211253554
"S023",19.3059833333333,"05/02/2025","20:44:23","chrome","False","Windows 10",1536,695,"prolific","Female",35,"Bachelor","Business, Economics","False","Black","South Africa","Heterosexual","In a relationship and open to dating","Prefer not to say",1.74563333333333,4,5,5,4,5,6,2,2,3,4,4,3,3,2,4,5,5,2,4,4,4,4,4,4,3,5,0.396316666666667,"less than 24h ago","I haven't watched pornography in the past 30 days","False","False","True","False","False","False","True","False","False","True","False",2,NA,3,"",60.466,14.246,16.1255674252844,44.0677966101695,0,49.4067298636386,21.9087688537533,55.1724137931034,0,59.2047135231539,1033.20859462163
"S024",17.5835333333333,"06/02/2025","10:54:25","chrome","False","Windows 10",1536,703,"prolific","Female",40,"Bachelor","Arts and Humanities","False","White","United Kingdom","Heterosexual","In a relationship and not open to dating","Prefer not to say",1.02475,0,6,2,4,5,4,3,4,2,6,5,4,4,4,3,6,4,3,0,5,2,2,2,4,6,2,0.16265,"within the last month","I haven't watched pornography in the past 30 days","False","True","False","False","False","False","False","False","False","False","True",NA,2,3,"",50.216,12.59,0,0,0,111.624481366538,0,0,0,117.709301044352,1039.13810439229
"S025",28.5496666666667,"06/02/2025","13:04:05","chrome","False","Windows 10",2560,1305,"prolific","Male",22,"High school","Prefer not to say","False","Mixed","South Africa","Heterosexual","Single and open to dating","Prefer not to say",2.56893333333333,1,6,3,6,5,3,6,5,3,6,6,4,5,5,4,6,5,5,3,6,1,4,6,3,6,6,0.36545,"less than 24h ago","I watched pornography multiple times a week","False","True","False","True","False","False","False","True","True","False","False",NA,NA,4,"",93.9,37.193,6.77255016559517,28.3333333333333,0,64.7903794991276,5.26008182349503,44.0677966101695,0,95.0058937167245,1827.78554540734
"S026",29.5222833333333,"06/02/2025","13:05:18","edge-chromium","False","Windows 10",1592,782,"prolific","Male",33,"High school","Prefer not to say","True","Black","South Africa","Heterosexual","In a relationship and not open to dating","Prefer not to say",3.79031666666667,5,4,4,3,5,4,6,2,1,4,1,4,0,1,4,5,6,0,5,3,6,4,1,4,4,3,0.377783333333333,"within the last week","I haven't watched pornography in the past 30 days","False","True","False","False","False","False","True","False","False","False","False",NA,NA,4,"none",91.806,26.359,1.8,18,0,95.2832996835355,1.46276595744681,12.5,0,55.5561516207603,1115.77058573884
"S027",25.9526,"06/02/2025","13:17:43","edge-chromium","True","Android OS",980,1696,"prolific","Female",26,"Bachelor","Psychology, Neuroscience","True","Black","South Africa","Heterosexual","In a relationship and not open to dating","Prefer not to say",2.6207,4,3,3,3,6,6,4,5,3,5,1,5,3,3,6,3,4,2,6,4,4,3,4,4,3,6,0.62705,"within the last week","I watched pornography twice in the past 30 days","False","True","True","False","False","False","False","True","False","False","False",NA,NA,4,"The experiment was different and fun",130.578,41.01,3.79120879120879,15.3846153846154,0,22.2011379518738,0,0,0,38.3336645380488,1289.21681652079
"S028",25.0619666666667,"07/02/2025","10:25:04","chrome","False","Windows 10",1536,703,"prolific","Male",34,"Bachelor","Biology, Chemistry, Physics","False","White","United Kingdom","Heterosexual","In a relationship and not open to dating","Prefer not to say",2.16348333333333,0,6,4,2,2,3,4,6,0,4,4,2,4,4,1,6,1,4,2,6,1,3,2,0,6,2,0.328533333333333,"less than 24h ago","I watched pornography twice in the past 30 days","False","True","False","False","False","False","False","False","False","True","False",1,NA,4,"Thanks",72.582,26.405,9.83050847457627,52.5423728813559,0,47.6617634130653,7.60830334163873,32.7586206896552,0,56.1370701369329,1039.13810439229
"S029",44.6786833333333,"07/02/2025","11:36:24","chrome","False","Windows 10",1366,599,"prolific","Female",23,"Bachelor","Sociology, Anthropology","False","Black","South Africa","Heterosexual","In a relationship and not open to dating","Prefer not to say",4.36508333333333,4,5,6,6,6,4,6,1,3,4,3,5,5,2,4,3,4,4,5,2,5,4,6,4,3,4,1.1769,"within the last month","I watched pornography weekly","False","True","True","False","False","False","True","False","False","True","False",4,NA,3,"The study was very unique and straighfoward. I would like to participate in many more of your studies in the future.",362.904,75.288,0,0,0,93.3595805449724,2.36723163841808,11.864406779661,0,105.968766177755,904.562877858693
"S030",35.30905,"07/02/2025","11:42:25","chrome","False","Linux",817,721,"prolific","Female",26,"High school","Prefer not to say","False","Black","South Africa","Heterosexual","In a relationship and not open to dating","Only men (and gay couples)",2.35016666666667,5,3,5,5,4,4,6,4,5,4,3,4,5,5,3,4,1,4,3,5,3,4,3,4,3,3,0.441166666666667,"within the last week","I watched pornography weekly","False","False","True","False","False","False","True","False","False","True","False",3,NA,4,"The experience was great.",17.909,39.617,0,0,0,174.590197978346,0,0,0,247.129116561246,767.500488599193
"S031",32.12535,"07/02/2025","11:42:48","chrome","False","Windows 10",1366,633,"prolific","Female",28,"Bachelor","Psychology, Neuroscience","False","Black","South Africa","Heterosexual","In a relationship and not open to dating","Prefer not to say",2.9709,3,6,4,5,5,6,3,6,2,6,1,1,4,1,1,4,2,3,6,3,6,5,5,5,6,6,0.402983333333333,"less than 24h ago","I haven't watched pornography in the past 30 days","False","True","False","True","False","False","True","False","False","True","False",5,NA,4,"",115.459,53.911,12.0421466973886,31.4285714285714,0,80.3549259241115,3.42997775305895,12.9032258064516,0,81.3671837832356,929.880637501395
"S032",23.2823166666667,"07/02/2025","11:54:24","chrome","False","Windows 10",1280,593,"prolific","Male",29,"Other","Prefer not to say","Prefer not to say","Black","South Africa","Heterosexual","In a relationship and not open to dating","Prefer not to say",2.9366,3,6,6,2,6,6,6,4,2,6,6,6,4,2,6,3,4,4,4,4,4,6,6,6,6,6,0.804833333333333,"within the last month","I watched pornography twice in the past 30 days","False","True","False","True","False","False","True","False","False","False","False",NA,NA,4,"",25.864,38.124,5.42884615384615,28.2051282051282,0,56.9872696791669,1.16883116883117,4.76190476190476,0,75.1931029279043,871.229016963967
"S033",26.2949666666667,"07/02/2025","11:55:24","chrome","False","Windows 10",1536,695,"prolific","Male",32,"Bachelor","Engineering, Computer Science","False","Black","South Africa","Heterosexual","In a relationship and open to dating","Prefer not to say",2.53723333333333,6,4,6,6,5,6,6,6,2,5,5,5,4,4,5,2,1,4,6,2,0,5,5,2,2,5,0.305366666666667,"within the last 3 days","I watched pornography weekly","False","True","False","False","False","False","False","False","False","False","False",NA,NA,4,"",76.61,17.728,2.68790849673203,12.5,0,131.102251979341,1.5592203898051,8.69565217391304,0,178.243730969765,1033.20859462163
"S034",33.2557,"07/02/2025","12:00:40","chrome","False","Windows 10",1366,639,"prolific","Male",21,"High school","Prefer not to say","True","Black","South Africa","Heterosexual","Single and open to dating","Prefer not to say",3.23675,1,4,6,1,6,0,6,4,1,6,6,6,4,4,5,5,1,4,6,5,2,6,4,2,4,5,0.290533333333333,"more than a year ago","I watched pornography multiple times a day","False","True","True","False","True","False","False","True","False","False","False",NA,NA,4,"Nothing",160.572,43.151,4.34782608695652,21.7391304347826,0,65.7550443006562,8.14703425229741,23.8095238095238,0,72.1008460019496,934.277260774338
"S035",39.10425,"07/02/2025","17:40:49","chrome","False","Windows 10",1920,953,"prolific","Female",32,"Bachelor","Engineering, Computer Science","False","Black","South Africa","Heterosexual","In a relationship and not open to dating","Prefer not to say",3.12238333333333,0,3,6,5,2,4,6,6,0,6,6,2,6,4,2,6,6,6,3,6,0,4,0,2,5,4,0.533033333333333,"within the last 3 days","I watched pornography once in the past 30 days","False","True","False","True","False","False","False","True","False","False","False",NA,NA,4,"",199.438,42.947,17.2106698657808,50,0,74.4943904737881,17.5599064874342,42.3728813559322,0,81.233278086179,1352.68621638575
"S036",27.4237,"07/02/2025","17:42:12","firefox","False","Linux",1294,656,"prolific","Female",40,"Bachelor","Business, Economics","False","Black","South Africa","Heterosexual","In a relationship and not open to dating","Prefer not to say",1.75766666666667,3,3,2,2,3,4,3,3,1,4,2,3,2,3,3,4,3,3,3,3,3,3,3,3,2,3,0.304466666666667,"within the last 3 days","I haven't watched pornography in the past 30 days","False","True","False","True","False","False","True","False","False","False","False",NA,NA,4,"NO COMMENTS",35.831,12.77,20,100,0,1.35542141949995,20,100,0,0.283280721915503,921.338157247381
"S037",33.41115,"07/02/2025","18:02:08","chrome","False","Windows 10",1397,655,"prolific","Female",23,"Master","Other","True","Black","South Africa","Heterosexual","In a relationship and not open to dating","Prefer not to say",3.11393333333333,6,5,5,3,4,0,6,6,3,2,1,4,1,3,6,2,5,0,4,1,4,3,4,5,2,6,0.819183333333333,"less than 24h ago","I watched pornography once in the past 30 days","False","True","True","False","False","False","True","True","False","False","True",NA,3,4,"",4.247,13.418,0,0,0,134.693449177856,0,0,0,151.166712235673,956.574618103575
"S038",36.3616166666667,"07/02/2025","18:07:17","chrome","False","Windows 10",1364,681,"prolific","Male",27,"High school","Prefer not to say","Prefer not to say","Black","South Africa","Heterosexual","Single and open to dating","Prefer not to say",3.26866666666667,0,6,3,2,6,6,6,4,2,5,1,5,0,2,3,6,5,4,2,3,6,3,6,3,3,6,0.53735,"within the last year","I watched pornography twice in the past 30 days","True","False","False","False","False","False","False","True","False","True","False",3,NA,4,"this experiment have me aroused to extreme extends and sadly/badly enough i have no one to go to for sexual healing and but i will be strong ",186.11,54.637,2.14285714285714,21.4285714285714,0,56.7598593099926,7.94155844155844,27.2727272727273,0,69.1756259398906,963.786283363693
"S039",30.1078,"07/02/2025","19:05:10","crios","False","Mac OS",980,1704,"prolific","Male",25,"Bachelor","Sociology, Anthropology","True","Black","Prefer not to say","Homosexual","In a relationship and not open to dating","Prefer not to say",2.84011666666667,3,3,5,5,5,1,5,3,5,3,1,2,4,6,2,2,0,2,4,2,2,5,4,4,3,5,0.65625,"less than 24h ago","I watched pornography weekly","False","True","False","True","False","False","True","False","False","True","False",3,NA,4,"I enjoyed taking this experiment and get to understand the use of AI",87.339,39.784,1.0777058279371,4.25531914893617,0,412.224531048609,1.10671936758893,6.52173913043478,0,271.988072937311,1292.253845032
"S040",21.19165,"10/02/2025","10:37:25","chrome","False","Windows 10",1920,1073,"prolific","Female",40,"Bachelor","Biology, Chemistry, Physics","False","White","United Kingdom","Heterosexual","In a relationship and not open to dating","Prefer not to say",1.83786666666667,2,4,0,2,6,5,3,4,0,5,3,5,4,2,5,6,4,2,4,6,3,2,5,5,5,4,0.449766666666667,"within the last week","I watched pornography once in the past 30 days","True","False","False","False","False","False","True","True","False","False","False",NA,NA,4,"",71.415,20.654,20.6700568165487,56.6666666666667,0,62.7996373493765,13.9406779661017,43.3333333333333,0,51.2542365585119,1435.32574699961
"S041",18.9537,"10/02/2025","10:47:30","edge-chromium","False","Windows 10",1358,642,"prolific","Female",34,"High school","Prefer not to say","False","White","United Kingdom","Heterosexual","In a relationship and not open to dating","Prefer not to say",1.9543,0,6,0,1,5,6,3,6,0,6,1,5,0,1,3,3,4,0,6,0,5,3,6,6,6,6,0.2836,"within the last 3 days","I watched pornography weekly","True","False","False","False","False","False","True","False","False","False","False",NA,NA,4,"",25.096,16.563,5.198973042362,41.4634146341463,0,85.6997044137317,0.3125,3.125,0,144.700933424234,933.72158591306
"S042",28.8571,"10/02/2025","12:35:49","chrome","False","Windows 10",1536,730,"prolific","Female",25,"Bachelor","Literature, Languages","False","Black","South Africa","Heterosexual","In a relationship and not open to dating","Prefer not to say",2.93261666666667,2,5,4,6,6,5,4,5,5,5,6,3,3,4,3,6,5,3,3,5,2,3,4,3,3,3,0.56345,"within the last week","I watched pornography twice in the past 30 days","False","True","False","False","False","False","True","False","False","True","False",3,NA,3,"",129.847,36.59,3.55367231638418,32.2033898305085,0,67.9499118758405,16.2131435738624,46.3414634146341,0,74.1489711667794,1058.90509489756
"S043",26.2055833333333,"10/02/2025","12:42:38","chrome","False","Windows 10",1536,730,"prolific","Male",27,"Bachelor","Political Science, Law","True","Black","South Africa","Heterosexual","In a relationship and open to dating","Prefer not to say",2.62283333333333,5,6,4,4,5,4,6,5,2,5,3,4,3,4,4,6,5,4,6,5,3,6,6,4,4,4,0.414616666666667,"within the last 3 days","I haven't watched pornography in the past 30 days","False","True","False","True","False","False","True","True","False","True","False",3,NA,3,"",83.529,32.847,32.1779661016949,80,0,68.3695608331221,22.5790960451977,42.3728813559322,5.08474576271187,67.6301828796255,1058.90509489756
"S044",34.0787333333333,"10/02/2025","12:43:49","chrome","False","Windows 10",1366,679,"prolific","Male",37,"Master","Biology, Chemistry, Physics","False","Prefer not to say","Prefer not to say","Heterosexual","In a relationship and not open to dating","Prefer not to say",3.83976666666667,6,2,3,4,6,6,6,6,0,4,1,6,6,2,0,2,6,5,6,6,4,5,6,6,6,6,0.459433333333333,"within the last 3 days","I watched pornography once in the past 30 days","False","True","False","False","False","False","False","False","False","True","False",5,NA,4,"The brief was clear",213.185,65.515,8.54375696767001,54.1666666666667,0,88.3706718407905,15.5705128205128,42.3076923076923,0,80.9030526170588,963.075282623326
"S045",45.2524833333333,"10/02/2025","12:50:36","chrome","False","Windows 10",1366,633,"prolific","Female",64,"High school","Prefer not to say","False","Black","South Africa","Heterosexual","Other","Prefer not to say",5.89193333333333,5,4,1,3,4,4,4,4,1,2,4,5,2,2,5,3,3,2,5,5,4,4,5,5,3,5,0.886716666666667,"within the last week","I watched pornography once in the past 30 days","False","False","True","False","False","False","True","False","False","True","False",3,NA,4,"Invite me for more studies like this",251.684,150.344,0.517241379310345,5.17241379310345,0,66.6345536912988,4.43973463758754,15.2542372881356,0,73.4966995213582,929.880637501395
"S046",31.5442666666667,"10/02/2025","12:54:50","chrome","False","Windows 10",1366,645,"prolific","Male",65,"High school","Prefer not to say","False","White","South Africa","Heterosexual","In a relationship and not open to dating","Prefer not to say",3.16368333333333,1,3,3,4,6,4,4,3,0,3,0,1,0,0,5,2,4,2,4,5,5,3,5,6,1,6,0.458383333333333,"within the last week","I haven't watched pornography in the past 30 days","False","True","False","False","False","False","True","False","False","True","False",3,NA,4,"Maybe my comments would be different if I had more time to look at the pictures.",116.38,30.557,9.42028985507246,39.1304347826087,0,60.6351854929392,8.43010540184453,33.3333333333333,0,71.0167056093454,938.653290624392
"S047",28.7494833333333,"10/02/2025","12:59:30","chrome","False","Windows 10",1366,599,"prolific","Male",30,"Bachelor","Engineering, Computer Science","False","Black","South Africa","Heterosexual","In a relationship and not open to dating","Prefer not to say",1.98915,4,3,4,5,5,4,3,3,5,3,2,4,3,5,4,3,2,1,4,5,5,4,4,4,3,5,0.638433333333333,"within the last month","I watched pornography twice in the past 30 days","False","True","True","False","True","False","False","False","False","False","True",NA,4,4,"the experiment was great",54.213,10.114,13.6885964912281,33.3333333333333,0,66.7599454223658,2.25490196078431,16.6666666666667,0,106.394811686339,904.562877858693
"S048",19.5785833333333,"10/02/2025","13:30:14","chrome","False","Windows 10",1600,765,"prolific","Male",23,"High school","Prefer not to say","True","Black","South Africa","Heterosexual","Single and open to dating","Prefer not to say",1.8519,4,3,6,6,6,4,6,2,5,5,1,6,0,0,5,2,3,2,6,6,6,6,6,6,5,6,0.208683333333333,"within the last 3 days","I watched pornography multiple times a week","False","True","True","False","False","False","True","False","False","False","False",NA,NA,4,"I enjoyed the experiment",41.16,28.638,8.37033933808127,45.4545454545455,0,216.445522028104,10.195564516129,28.125,0,250.798288499088,1106.34533487515
"S049",22.94985,"10/02/2025","19:22:56","chrome","False","Windows 10",1280,551,"prolific","Female",41,"Bachelor","Business, Economics","False","Black","South Africa","Homosexual","In a relationship and not open to dating","Prefer not to say",2.26796666666667,5,2,5,6,6,1,6,5,4,4,1,4,5,1,5,3,0,1,3,4,5,5,6,6,3,5,0.258966666666667,"less than 24h ago","I watched pornography once in the past 30 days","False","True","True","False","False","False","True","False","False","False","False",NA,NA,4,"nothing",64.806,25.006,9.53565166569258,25.4237288135593,0,72.5419962021883,1.55172413793103,15.5172413793103,0,140.616677356466,839.809502208685
"S050",30.49915,"10/02/2025","19:23:37","chrome","False","Windows 10",1360,651,"prolific","Male",54,"High school","Prefer not to say","False","Mixed","South Africa","Heterosexual","In a relationship and not open to dating","Prefer not to say",2.90581666666667,3,5,4,5,6,3,6,5,3,3,3,6,0,3,6,3,0,4,5,3,5,6,6,5,5,5,0.470016666666667,"within the last 3 days","I watched pornography twice in the past 30 days","False","True","True","False","False","False","True","True","False","True","False",3,NA,4,"",75.108,36.562,3.4045584045584,11.5384615384615,0,153.108228229131,0,0,0,164.716244193567,940.935704498453
"S051",57.98055,"10/02/2025","19:31:23","chrome","False","Windows 10",1366,647,"prolific","Male",22,"High school","Prefer not to say","False","Black","South Africa","Heterosexual","Single and open to dating","Prefer not to say",4.7074,5,4,4,5,5,6,6,5,5,4,6,5,5,6,1,4,2,4,6,5,3,5,4,5,5,4,1.01003333333333,"within the last month","I watched pornography twice in the past 30 days","False","True","True","False","False","False","False","False","False","False","True",NA,4,4,"",111.56,72.947,0,0,0,71.8597664234375,0,0,0,152.343062049371,940.107440668353
"S052",47.8397666666667,"10/02/2025","19:31:24","chrome","False","Windows 10",1366,633,"prolific","Female",23,"High school","Prefer not to say","True","Black","South Africa","Heterosexual","Single and open to dating","Prefer not to say",5.69863333333333,4,1,5,3,4,0,6,1,2,1,1,1,1,3,5,3,0,4,1,3,2,5,4,3,1,5,1.17021666666667,"more than a year ago","I haven't watched pornography in the past 30 days","False","True","True","False","False","False","False","False","False","True","False",3,NA,1,"It hard to differentiate images by AI and those of a real image, I think AI has improved.",96.872,48.034,13.2731614186703,35.4838709677419,0,67.2586382480924,6.30407523510972,27.5862068965517,0,101.219124741032,929.880637501395
"S053",26.30125,"10/02/2025","19:31:26","chrome","False","Windows 10",1366,599,"prolific","Female",26,"Bachelor","Business, Economics","True","Black","South Africa","Bisexual","In a relationship and not open to dating","Men (and heterosexual couples)",2.8434,4,6,4,5,5,5,5,4,1,3,5,1,5,5,3,6,4,6,2,6,1,3,4,5,4,6,0.4683,"within the last 3 days","I watched pornography once in the past 30 days","False","True","False","False","False","False","False","False","False","True","False",4,NA,4,"",56.6,29.999,9.17678812415654,28.9473684210526,0,80.2309825564399,6.29591023012076,23.6842105263158,0,86.7574218893426,904.562877858693
"S054",31.0265,"10/02/2025","19:33:50","chrome","False","Windows 10",1355,633,"prolific","Male",32,"High school","Prefer not to say","False","Black","South Africa","Heterosexual","In a relationship and open to dating","Prefer not to say",3.70941666666667,4,0,5,6,6,6,6,5,4,6,5,6,4,5,5,6,6,4,6,3,2,6,6,5,5,5,0.613233333333333,"within the last week","I watched pornography multiple times a week","False","True","True","False","False","False","True","False","False","True","False",4,NA,4,"none",163.068,52.623,2.16470588235294,9.80392156862745,0,63.2670640573424,3.69577667946611,10.2040816326531,0,73.7704823064774,926.129040684936
"S055",16.35035,"10/02/2025","19:39:52","chrome","False","Windows 10",1536,730,"prolific","Male",21,"Bachelor","Business, Economics","True","South Asian","South Africa","Heterosexual","Single and not open to dating","Prefer not to say",0.808483333333333,5,4,4,5,5,5,4,5,4,3,5,4,5,5,5,5,1,5,3,4,5,4,5,5,5,5,0.36695,"within the last month","I haven't watched pornography in the past 30 days","False","False","True","False","False","False","True","False","False","False","False",NA,NA,3,"",16.981,7.21,22.1960463622757,41.6666666666667,1.78571428571429,67.2430932309114,18.7986366380938,47.1698113207547,0,63.6081198007899,1058.90509489756
"S056",34.83105,"10/02/2025","19:49:10","firefox","False","Linux",980,1855,"prolific","Male",23,"Bachelor","Business, Economics","True","Black","South Africa","Heterosexual","In a relationship and not open to dating","Prefer not to say",2.95295,6,6,6,6,6,0,6,6,6,4,6,6,6,4,0,6,0,3,6,4,0,6,6,6,4,6,0.376933333333333,"within the last 3 days","I watched pornography multiple times a week","False","True","True","False","False","False","True","False","True","False","False",NA,NA,4,"No",58.463,15.444,0,0,0,21.1934647638293,4.72222222222222,25,0,26.529673367099,1348.29521989808
"S057",21.6735,"10/02/2025","20:01:12","chrome","False","Windows 10",1600,773,"prolific","Female",22,"High school","Prefer not to say","True","Black","South Africa","Heterosexual","Single and open to dating","Prefer not to say",2.54705,1,4,6,3,6,0,4,2,1,6,6,5,3,3,1,1,0,2,3,4,3,2,6,2,4,2,0.233966666666667,"more than a year ago","I haven't watched pornography in the past 30 days","False","True","False","False","False","False","False","False","False","False","False",NA,NA,4,"",30.244,27.423,3.62803187803188,17.5,0,76.699159746798,1.16356417263961,4.54545454545455,0,143.748508346839,1112.11510195663
"S058",48.7094166666667,"10/02/2025","23:10:33","chrome","False","Windows 10",1366,641,"prolific","Female",28,"Master","Biology, Chemistry, Physics","False","Prefer not to say","Prefer not to say","Heterosexual","In a relationship and not open to dating","Prefer not to say",5.32688333333333,5,2,6,5,6,1,6,2,5,1,3,3,3,0,3,3,1,4,5,4,5,5,6,6,0,6,0.5348,"within the last week","I watched pornography weekly","False","True","True","False","False","False","True","True","False","True","False",4,NA,4,"",165.98,142.171,0,0,0,101.452177162531,2.53846153846154,15.3846153846154,0,127.343835458482,935.738211253554
"S059",35.64475,"11/02/2025","12:46:44","chrome","False","Windows 10",1536,730,"prolific","Male",24,"Bachelor","Business, Economics","False","Black","South Africa","Heterosexual","Single and open to dating","Prefer not to say",3.4333,4,5,4,5,4,4,5,6,3,4,6,3,3,4,3,6,3,5,4,5,4,4,5,3,6,5,0.440216666666667,"within the last 3 days","I watched pornography weekly","False","True","True","False","False","False","True","True","False","True","False",3,NA,4,"",97.823,13.035,21.7681352296202,64.5161290322581,0,54.9659750620543,24.9077843015552,74.1935483870968,0,51.8086267842991,1058.90509489756
"S060",28.8854666666667,"11/02/2025","12:47:02","chrome","False","Windows 10",1366,633,"prolific","Female",25,"High school","Prefer not to say","True","Black","South Africa","Heterosexual","In a relationship and not open to dating","Prefer not to say",1.6427,3,4,5,2,3,5,6,4,4,3,4,3,2,0,3,5,1,2,4,4,6,6,5,3,5,5,0.4806,"within the last week","I haven't watched pornography in the past 30 days","False","True","False","False","True","False","False","False","False","False","False",NA,NA,4,"",149.729,46.546,1.76811594202899,6.66666666666667,0,79.4951105759083,8.42846459904885,21.0526315789474,0,129.504087697682,929.880637501395
"S061",26.3759833333333,"11/02/2025","12:48:02","chrome","False","Windows 10",1920,957,"prolific","Male",30,"High school","Prefer not to say","True","Black","South Africa","Heterosexual","In a relationship and not open to dating","Prefer not to say",2.87668333333333,2,4,5,5,4,2,5,4,3,6,4,6,5,3,6,3,1,5,2,3,5,5,4,4,3,3,0.5405,"within the last month","I watched pornography twice in the past 30 days","False","True","False","False","False","False","False","False","False","False","False",NA,NA,3,"",161.27,40.316,3.69360902255639,22.8070175438596,0,116.154852583059,1.51515151515152,9.09090909090909,0,131.555288999384,1355.52203965852
"S062",38.3476166666667,"11/02/2025","12:53:06","chrome","False","Windows 10",1366,645,"prolific","Male",22,"High school","Prefer not to say","True","Black","South Africa","Heterosexual","Single and not open to dating","Prefer not to say",2.4676,2,0,6,1,6,6,6,6,0,2,6,0,4,0,0,4,6,0,6,4,3,3,5,2,3,6,0.344366666666667,"less than 24h ago","I watched pornography multiple times a day","False","True","True","False","False","False","True","False","False","True","False",2,NA,4,"This was quite a pleasurable experience, I must say. I also have to say that if there were truly AI-generated images here, then I'm blown away by how good they look. Maybe it's because I was only able to see them for a brief second, but I absolutely couldn't tell if there were AI ones too. ",218.36,65.056,9.22108262108262,29.1666666666667,0,82.6000600548661,16.4727053140097,77.7777777777778,0,53.7077290682971,938.653290624392
"S063",28.2044666666667,"11/02/2025","12:55:31","edge-chromium","False","Windows 10",1232,594,"prolific","Female",31,"Bachelor","Business, Economics","False","Black","South Africa","Heterosexual","In a relationship and not open to dating","Prefer not to say",3.25926666666667,2,6,2,0,6,3,6,2,0,5,6,4,2,2,6,3,0,4,6,4,3,5,5,6,6,5,0.39815,"within the last 3 days","I haven't watched pornography in the past 30 days","False","True","True","False","False","False","True","False","True","True","False",3,NA,4,"",73.459,42.181,0,0,0,71.2276915619157,0.476190476190476,4.76190476190476,0,97.1180581037676,855.457772189838
"S064",51.4697833333333,"11/02/2025","12:56:21","chrome","False","Windows 10",1366,695,"prolific","Female",32,"Bachelor","Political Science, Law","True","Black","South Africa","Heterosexual","In a relationship and open to dating","Prefer not to say",4.61365,4,4,5,5,5,4,5,2,4,3,4,5,2,3,5,3,1,2,5,4,4,5,5,4,3,5,0.738216666666667,"within the last week","I watched pornography twice in the past 30 days","False","True","True","False","False","False","False","True","False","True","False",3,NA,4,"It would be nice to slow down the speed of the pictures to have a better look at it",212.005,86.503,5,50,0,60.060484181392,0,0,0,7.49437288904148,974.356197701847
"S065",25.9329,"11/02/2025","13:03:42","chrome","False","Chrome OS",1601,732,"prolific","Female",27,"Bachelor","Business, Economics","False","Black","South Africa","Heterosexual","In a relationship and not open to dating","Prefer not to say",1.96953333333333,4,3,5,5,3,3,5,5,4,3,3,4,5,3,5,4,3,4,4,3,3,4,5,5,5,4,0.2827,"within the last 3 days","I haven't watched pornography in the past 30 days","False","False","True","False","True","False","False","False","False","False","True",NA,4,3,"",97.176,64.97,0.24390243902439,2.4390243902439,0,196.728082568928,4.82779623477298,16.6666666666667,0,184.653348215097,1082.55808158269
"S066",45.96355,"11/02/2025","13:26:26","chrome","False","Windows 10",1366,607,"prolific","Male",34,"Other","Prefer not to say","Prefer not to say","Black","South Africa","Heterosexual","In a relationship and not open to dating","Prefer not to say",3.4893,5,4,6,6,6,2,6,1,4,3,3,4,5,5,2,4,1,2,5,3,1,5,4,5,3,5,0.483583333333333,"less than 24h ago","I watched pornography weekly","False","True","True","False","False","False","False","False","False","True","False",4,NA,4,"IT WAS FUN DOING THE STUDY",97.946,23.012,0,0,0,64.1376988182744,0,0,0,92.986199077185,910.583329520149
"S067",24.8565833333333,"11/02/2025","13:28:48","chrome","False","Windows 10",1536,730,"prolific","Male",28,"High school","Prefer not to say","True","Black","South Africa","Heterosexual","Single and open to dating","Prefer not to say",2.59456666666667,0,6,6,6,6,3,6,3,2,6,0,6,5,4,3,3,3,3,6,3,0,6,6,6,0,6,0.462166666666667,"within the last month","I watched pornography twice in the past 30 days","False","True","False","False","False","False","True","False","False","False","False",NA,NA,4,"Great study, I really enjoyed it.",49.25,20.82,12.9159302665711,51.8518518518518,0,92.0671756643697,5.56371680747771,21.5686274509804,0,156.521801307724,1058.90509489756
"S068",32.9641,"12/02/2025","09:39:21","edge-chromium","False","Windows 10",1528,746,"prolific","Male",33,"Bachelor","Literature, Languages","False","Black","United Kingdom","Heterosexual","In a relationship and not open to dating","Prefer not to say",5.66851666666667,3,5,4,4,3,5,4,4,3,4,2,3,4,3,3,5,2,2,3,5,2,4,3,4,4,4,1.15643333333333,"within the last month","I haven't watched pornography in the past 30 days","False","True","True","False","False","False","True","False","False","True","False",4,NA,2,"no",49.331,124.015,11.0523939800122,37.9310344827586,0,83.7983101886207,10.0151800490784,32.2033898305085,0,94.0818950394914,1067.6553751094
"S069",39.9357166666667,"12/02/2025","09:43:24","chrome","False","Chrome OS",1536,791,"prolific","Female",41,"Master","Business, Economics","False","Black","United Kingdom","Heterosexual","In a relationship and not open to dating","Prefer not to say",3.99633333333333,3,4,4,3,5,3,5,2,3,4,3,6,3,3,3,3,3,2,3,4,3,4,5,3,2,4,0.5839,"within the last month","I haven't watched pornography in the past 30 days","False","False","True","False","False","False","True","False","False","False","False",NA,NA,3,"",118.962,47.091,2.85875706214689,11.6666666666667,0,118.373224641743,1.00847457627119,3.38983050847458,0,170.762795072278,1102.25949757759
"S070",30.5626666666667,"12/02/2025","11:38:36","chrome","False","Windows 10",1366,607,"prolific","Female",34,"Bachelor","Business, Economics","False","Black","South Africa","Heterosexual","In a relationship and not open to dating","Prefer not to say",3.0041,3,4,5,4,5,0,6,1,4,0,1,4,4,3,4,5,0,0,5,5,3,5,5,5,0,4,0.574366666666667,"less than 24h ago","I watched pornography daily","False","True","True","False","False","False","True","False","False","True","False",3,NA,4,"Nothing much, this experiment was exciting. ",80.283,37.833,6.04395604395604,46.1538461538462,0,68.6073470602653,4.3859649122807,22.2222222222222,0,80.7665468020312,910.583329520149
"S071",34.7799166666667,"12/02/2025","11:39:35","chrome","False","Windows 10",683,689,"prolific","Male",23,"Bachelor","Engineering, Computer Science","True","Black","South Africa","Heterosexual","In a relationship and not open to dating","Prefer not to say",3.93296666666667,4,5,6,5,4,6,6,4,4,4,4,4,3,4,4,5,1,2,4,4,3,4,4,4,4,3,0.53725,"within the last 3 days","I watched pornography twice in the past 30 days","False","True","False","True","False","False","False","False","True","True","False",4,NA,4,"",100.213,42.396,6.64849322096092,19.2982456140351,0,113.217273977947,1.01190476190476,5,0,169.094229520845,685.993440201872
"S072",33.6841,"12/02/2025","11:42:07","chrome","False","Windows 10",1366,633,"prolific","Female",38,"Bachelor","Business, Economics","True","Black","South Africa","Bisexual","In a relationship and not open to dating","Women (and heterosexual couples)",3.49836666666667,4,5,4,4,4,4,4,4,3,4,3,3,5,3,3,5,3,2,4,3,3,5,4,4,3,5,0.5151,"less than 24h ago","I haven't watched pornography in the past 30 days","False","True","True","False","False","False","False","False","False","True","False",4,NA,3,"",136.044,58.231,0.588235294117647,5.88235294117647,0,104.958950772344,0.666666666666667,6.66666666666667,0,138.890100168832,929.880637501395
"S073",49.1388166666667,"12/02/2025","11:43:19","chrome","False","Windows 10",1280,598,"prolific","Male",35,"Master","Medicine","True","Black","South Africa","Heterosexual","In a relationship and not open to dating","Prefer not to say",1.4665,0,6,6,4,4,6,4,4,1,6,4,4,5,4,3,6,5,5,5,6,3,3,2,3,6,4,0.377166666666667,"within the last week","I haven't watched pornography in the past 30 days","True","False","False","False","False","False","False","True","False","False","False",NA,NA,2,"",91.192,23.97,17.8999610364309,43.3333333333333,0,74.5568195125789,6.13111240989675,23.728813559322,0,103.497145664417,874.894279327508
"S074",34.2597,"12/02/2025","11:54:27","edge-chromium","False","Windows 10",1281,603,"prolific","Male",24,"Master","Engineering, Computer Science","True","Black","South Africa","Heterosexual","In a relationship and not open to dating","Prefer not to say",2.0517,5,6,6,6,5,2,6,5,5,4,4,6,3,3,4,3,2,4,6,4,4,6,4,4,5,6,0.335716666666667,"less than 24h ago","I haven't watched pornography in the past 30 days","False","True","True","False","False","False","True","False","True","False","True",NA,4,2,"",185.877,36.949,2.78207630878438,21.7391304347826,0,82.8461631468943,6.35965690624076,20.4081632653061,0,93.3918805235296,878.887364797105
"S075",37.4207666666667,"13/02/2025","10:46:38","chrome","False","Windows 10",1366,641,"prolific","Female",28,"Bachelor","Arts and Humanities","False","Black","Prefer not to say","Heterosexual","Single and not open to dating","Prefer not to say",3.62715,1,3,3,1,5,2,5,4,0,4,4,2,1,1,3,0,1,2,1,0,2,1,6,5,2,5,0.4328,"within the last week","I watched pornography twice in the past 30 days","True","False","True","False","False","False","True","False","False","False","False",NA,NA,4,"Im from South Africa. The drop down was not allowing me to enter my country",167.673,36.113,17.0812994476788,43.3333333333333,0,82.9908732178922,2.98692973692974,12.5,0,88.043931332983,935.738211253554
"S076",22.1132333333333,"13/02/2025","11:21:27","chrome","False","Windows 10",1280,559,"prolific","Female",27,"Master","Other","True","Mixed","Prefer not to say","Heterosexual","In a relationship and not open to dating","Prefer not to say",1.71856666666667,2,3,6,4,4,6,4,5,4,4,4,2,4,4,2,3,3,4,4,4,1,5,3,4,5,4,0.362733333333333,"within the last 3 days","I watched pornography weekly","False","True","False","False","False","False","True","False","False","True","False",3,NA,2,"",80.895,30.17,9.0640582656408,23.4042553191489,0,134.021740779093,1.66666666666667,11.9047619047619,0,116.534182276715,845.884152824723
"S077",24.3626,"17/02/2025","07:02:03","chrome","False","Windows 10",1366,607,"prolific","Male",26,"High school","Prefer not to say","False","White","United States","Heterosexual","Single and open to dating","Prefer not to say",0.882783333333333,5,5,4,4,5,3,4,5,4,4,5,5,4,4,4,4,5,5,4,5,4,5,4,5,5,3,0.5449,"within the last year","I watched pornography weekly","False","True","False","False","False","False","False","False","False","False","False",NA,NA,4,"it was great. thanks",5.961,23.67,10.0604466592839,36.1111111111111,0,72.9575063535502,2.44482140310125,13.8888888888889,0,132.155943814479,910.583329520149
"S078",19.6940166666667,"17/02/2025","14:57:37","chrome","False","Windows 10",1920,919,"prolific","Female",26,"Bachelor","Arts and Humanities","False","White","United Kingdom","Bisexual","In a relationship and not open to dating","Women (and heterosexual couples)",1.91105,3,0,4,4,5,4,5,2,1,4,4,4,3,2,3,3,3,2,5,5,3,4,3,5,2,4,0.209766666666667,"less than 24h ago","I watched pornography multiple times a week","True","False","False","False","False","False","True","True","False","False","False",NA,NA,3,"",31.088,22.653,25.8050847457627,75,0,36.8191203020411,21.864406779661,55.9322033898305,0,56.9827926407869,1328.33730656035
"S079",61.3970833333333,"17/02/2025","17:34:40","chrome","False","Windows 10",1366,599,"prolific","Male",33,"Bachelor","Business, Economics","False","Black","South Africa","Heterosexual","Single and open to dating","Prefer not to say",20.3707166666667,4,4,5,5,4,4,4,3,4,4,5,4,3,4,3,4,3,3,5,5,2,5,5,4,3,5,0.473883333333333,"less than 24h ago","I watched pornography weekly","False","True","False","True","False","False","True","True","False","False","False",NA,NA,4,"nothing else just an interesting study.",957.414,38.322,3.33333333333333,33.3333333333333,0,52.4458809796446,0,0,0,77.9006829404547,904.562877858693
"S080",22.1019333333333,"17/02/2025","17:41:43","edge-chromium","False","Mac OS",1462,800,"prolific","Male",47,"Bachelor","Engineering, Computer Science","False","White","United Kingdom","Heterosexual","In a relationship and not open to dating","Prefer not to say",2.11833333333333,2,4,3,5,5,2,4,4,3,4,3,2,3,2,3,4,2,2,2,5,3,5,4,5,4,4,0.3557,"less than 24h ago","I watched pornography weekly","False","True","False","False","False","False","True","False","False","False","False",NA,NA,3,"",36.413,16.389,3.03954802259887,13.5593220338983,0,140.109288602606,0,0,0,214.718627548009,1081.48046676766
"S081",20.2260833333333,"17/02/2025","18:11:40","edge-chromium","False","Windows 10",1528,738,"prolific","Female",23,"Bachelor","Business, Economics","False","White","United Kingdom","Heterosexual","In a relationship and not open to dating","Prefer not to say",2.0635,3,6,4,4,6,2,6,1,2,2,4,6,2,2,6,3,3,4,5,2,3,4,5,5,2,5,0.1943,"within the last month","I watched pornography twice in the past 30 days","False","True","False","False","False","False","True","True","False","True","False",4,NA,4,"It was a very interesting and unique study. ",9.429,11.765,13.9962010520164,72.4137931034483,0,59.2753696717849,13.3720098024137,35.5932203389831,0,93.8785718878637,1061.91525085574
"S082",19.3310833333333,"17/02/2025","18:46:09","chrome","False","Windows 10",1536,695,"prolific","Male",41,"High school","Prefer not to say","False","White","United Kingdom","Heterosexual","Single and open to dating","Prefer not to say",0.9219,4,4,2,3,5,3,5,2,0,6,2,4,3,1,5,2,2,1,2,2,3,3,2,1,2,5,0.153116666666667,"less than 24h ago","I watched pornography once in the past 30 days","False","True","False","False","False","False","True","False","False","False","False",NA,NA,4,"NO",28.952,9.1,7.84397615351126,23.5294117647059,0,178.817756687476,4.48139483065954,15.625,0,226.670669914197,1033.20859462163
"S083",24.5785666666667,"17/02/2025","19:24:48","chrome","False","Windows 10",1366,641,"prolific","Female",26,"Bachelor","Literature, Languages","True","Black","South Africa","Heterosexual","In a relationship and not open to dating","Prefer not to say",1.75895,4,2,2,1,6,2,6,4,0,3,3,4,6,1,4,5,6,0,5,5,6,6,4,3,4,5,0.305366666666667,"within the last year","I watched pornography weekly","False","True","False","False","False","False","True","True","False","True","False",5,NA,4,"My eyes were painful",91.012,30.008,5.16666666666667,25,0,77.6669010269898,5.24675324675325,20,0,87.9752261235233,935.738211253554
"S084",22.3902333333333,"18/02/2025","15:47:02","chrome","False","Windows 10",2048,1030,"prolific","Male",48,"High school","Prefer not to say","False","White","United Kingdom","Heterosexual","Single and open to dating","Prefer not to say",2.43516666666667,0,6,3,3,4,6,5,3,0,6,3,1,3,3,2,6,6,1,0,6,3,4,4,4,6,2,0.31085,"less than 24h ago","I watched pornography daily","False","True","False","False","False","False","True","False","False","False","False",NA,NA,4,"",66.429,17.008,0,0,0,61.274222335113,17.4547048509643,55.1724137931034,0,70.8797516367076,1452.39113189251
"S085",36.1136,"18/02/2025","17:24:57","chrome","False","Windows 10",1366,641,"prolific","Female",28,"Bachelor","Literature, Languages","False","Black","South Africa","Heterosexual","Single and open to dating","Prefer not to say",4.17228333333333,3,5,4,4,3,1,6,6,1,4,6,1,5,4,0,5,3,5,5,6,1,5,2,3,5,1,0.8543,"within the last week","I watched pornography weekly","False","True","False","True","False","False","True","True","False","True","False",4,NA,4,"The experiment is very fun in a challenging manner.",183.852,51.555,4,20,0,112.581336458512,0,0,0,96.2762074432606,935.738211253554
"S086",28.9621,"18/02/2025","17:25:12","chrome","False","Mac OS",1181,546,"prolific","Female",25,"Bachelor","Biology, Chemistry, Physics","True","Black","South Africa","Heterosexual","In a relationship and not open to dating","Prefer not to say",1.80791666666667,4,6,6,4,1,6,4,6,4,6,6,1,5,5,2,6,6,5,0,6,2,1,0,2,6,2,0.293233333333333,"within the last 3 days","I haven't watched pornography in the past 30 days","False","True","False","True","False","False","False","True","False","False","False",NA,NA,4,"",106.944,33.223,6.92937853107345,27.1186440677966,0,100.911940799682,4.88135593220339,18.6440677966102,0,97.1984510731702,803.010585235338
"S087",34.9374666666667,"18/02/2025","17:27:00","chrome","False","Windows 10",1536,730,"prolific","Female",28,"Bachelor","Medicine","False","Black","South Africa","Heterosexual","In a relationship and not open to dating","Prefer not to say",3.52298333333333,3,3,1,2,4,3,5,5,2,2,1,4,4,3,4,4,3,3,4,4,3,4,3,4,4,4,0.477233333333333,"within the last year","I haven't watched pornography in the past 30 days","False","False","True","False","False","False","True","False","False","False","False",NA,NA,4,"Quite interesting and would like to know the results of the study",153.684,49.786,5.7090395480226,31.6666666666667,0,89.3296183316902,2.52824858757062,8.33333333333333,0,121.339837728481,1058.90509489756
"S088",27.3205833333333,"20/02/2025","11:46:14","chrome","True","Android OS",980,1493,"prolific","Female",31,"Master","Engineering, Computer Science","True","Black","South Africa","Heterosexual","In a relationship and not open to dating","Prefer not to say",4.09343333333333,6,0,6,4,6,4,6,4,3,0,0,6,0,0,6,6,0,0,6,0,6,3,6,6,0,6,0.4021,"within the last month","I haven't watched pornography in the past 30 days","False","True","False","False","False","False","True","False","False","False","False",NA,NA,4,"No. ",166.973,52.448,0,0,0,75.4807308965836,0.477272727272727,2.5,0,89.6678265891653,1209.6032407364
"S089",32.4335,"20/02/2025","12:01:15","chrome","False","Windows 10",1536,735,"prolific","Female",31,"Bachelor","Other_Agricultural foresty","False","Black","South Africa","Heterosexual","In a relationship and not open to dating","Prefer not to say",4.22995,6,0,6,6,6,0,6,2,3,5,2,6,6,3,6,6,0,5,5,2,6,6,6,6,4,6,0.572283333333333,"within the last 3 days","I watched pornography weekly","False","True","True","False","False","False","True","False","False","False","False",NA,NA,4,"Thank you i enjoyed so much",108.467,55.469,13.1587510252694,41.6666666666667,0,71.9092408765356,6.73202614379085,55.5555555555556,0,69.3636779652024,1062.52529381658
"S090",23.8407166666667,"20/02/2025","12:27:18","chrome","False","Linux",1294,620,"prolific","Male",48,"Other_Technical college","Prefer not to say","Prefer not to say","White","South Africa","Heterosexual","In a relationship and not open to dating","Prefer not to say",3.9613,3,2,4,4,5,1,6,4,2,5,5,4,4,2,3,5,4,2,4,2,3,4,5,4,3,4,0.514,"less than 24h ago","I watched pornography multiple times a week","False","True","True","False","False","False","True","False","False","True","False",1,NA,4,"",7.611,39.313,9.31550750048704,38.3333333333333,0,51.4059730319259,15.6181672767541,44.0677966101695,3.50877192982456,64.8882284590545,895.700842915758
"S091",28.7559166666667,"20/02/2025","16:49:19","chrome","False","Windows 10",1280,551,"prolific","Female",25,"Bachelor","Business, Economics","True","Black","South Africa","Heterosexual","Single and open to dating","Prefer not to say",2.49776666666667,1,6,4,4,3,5,3,5,3,6,6,2,2,2,3,5,6,2,4,4,4,1,2,2,5,5,0.345233333333333,"within the last month","I haven't watched pornography in the past 30 days","False","True","False","True","False","False","True","True","False","True","False",3,NA,4,"",66.197,33.643,25.4416996047431,72,0,44.0768696735388,11.926374064532,61.5384615384615,0,61.1953967578565,839.809502208685
"S092",31.0090166666667,"20/02/2025","16:49:37","chrome","False","Windows 10",1536,791,"prolific","Female",29,"Bachelor","Arts and Humanities","False","Black","South Africa","Heterosexual","In a relationship and not open to dating","Prefer not to say",2.05541666666667,4,1,3,3,0,6,3,3,1,5,4,4,4,5,4,4,5,4,4,3,2,2,1,3,3,3,0.332033333333333,"more than a year ago","I haven't watched pornography in the past 30 days","True","False","True","False","False","False","False","True","False","True","False",4,NA,2,"",84.121,10.128,2.54237288135593,23.728813559322,0,50.5629365107284,8.74858757062147,33.3333333333333,0,78.1029190496014,1102.25949757759
"S093",31.0143166666667,"20/02/2025","17:08:56","chrome","False","Windows 10",1366,633,"prolific","Male",51,"Master","Engineering, Computer Science","False","Black","South Africa","Heterosexual","In a relationship and not open to dating","Prefer not to say",2.24636666666667,5,5,6,4,6,5,5,1,5,1,2,6,3,1,6,5,5,1,5,6,6,5,5,6,5,5,0.65835,"within the last 3 days","I watched pornography twice in the past 30 days","False","True","True","False","False","False","True","False","False","True","False",4,NA,4,"",207.681,40.163,3.49292929292929,21.8181818181818,0,58.5660581916918,6.58681860270738,22.8070175438596,0,68.3293117055663,929.880637501395
"S094",36.3435666666667,"21/02/2025","12:11:57","chrome","False","Windows 10",1366,633,"prolific","Female",40,"Bachelor","Literature, Languages","False","Black","South Africa","Heterosexual","Single and open to dating","Prefer not to say",1.98268333333333,6,4,6,3,6,2,6,3,4,3,3,5,4,3,4,4,0,5,6,3,3,5,3,4,3,6,0.382633333333333,"within the last week","I watched pornography multiple times a week","False","True","True","False","False","False","False","False","False","False","False",NA,NA,4,"this study was very interesting.",73.399,23.568,1.29166666666667,6.66666666666667,0,112.168374697527,0.865546218487395,2.94117647058824,0,215.03269280012,929.880637501395
"S095",21.6300833333333,"21/02/2025","12:15:19","edge-chromium","False","Windows 10",759,698,"prolific","Female",20,"High school","Prefer not to say","True","Black","South Africa","Heterosexual","Single and open to dating","Prefer not to say",1.11921666666667,3,4,4,4,4,5,6,4,3,3,4,5,5,1,4,3,5,5,4,4,4,3,4,4,5,3,0.32575,"more than a year ago","I haven't watched pornography in the past 30 days","False","True","True","True","False","False","False","False","False","False","False",NA,NA,4,"",14.191,16.672,0,0,0,152.885747882586,1.42261159783062,5.88235294117647,0,298.787366615706,727.861250514135
"S096",44.2864833333333,"21/02/2025","12:24:12","chrome","False","Windows 10",1366,607,"prolific","Male",44,"Bachelor","Engineering, Computer Science","False","Black","South Africa","Heterosexual","In a relationship and not open to dating","Prefer not to say",4.94511666666667,3,6,4,6,4,4,4,6,3,6,0,6,6,3,4,6,6,0,6,6,4,3,5,5,2,6,0.8841,"less than 24h ago","I watched pornography multiple times a week","False","True","True","False","False","False","True","False","False","True","False",5,NA,4,"",366.871,98.796,9.5515873015873,28.5714285714286,0,128.952029923072,8.61111111111111,25,0,76.6527776093331,910.583329520149
"S097",28.96145,"24/02/2025","08:16:52","chrome","False","Windows 10",1920,893,"prolific","Other",31,"Bachelor","Literature, Languages","False","Hispanic/Latino","United States","Homosexual","Single and open to dating","Only men (and gay couples)",1.39345,2,5,1,4,4,5,2,6,1,5,4,3,4,4,1,6,6,2,0,6,2,1,0,4,6,2,0.149666666666667,"less than 24h ago","I watched pornography multiple times a week","False","True","False","False","False","False","True","True","False","True","False",4,NA,4,"",32.796,9.172,7.74576271186441,28.8135593220339,0,61.6900302934353,16.1576947922114,40.6779661016949,0,97.8822127245521,1309.41208181382
"S098",39.9350166666667,"24/02/2025","14:33:20","chrome","False","Windows 10",1366,633,"prolific","Male",32,"Bachelor","Business, Economics","False","Black","South Africa","Heterosexual","In a relationship and not open to dating","Prefer not to say",3.6854,0,6,6,6,4,4,6,6,5,6,0,5,5,4,0,6,4,4,0,6,0,2,3,4,5,5,0.58445,"within the last 3 days","I watched pornography twice in the past 30 days","True","False","False","False","False","False","True","True","False","True","False",2,NA,4,"Nothing at the moment.",138.763,48.023,9.42670401493931,38.2352941176471,0,88.9716388506118,7.25463554987212,50,0,90.0622383902076,929.880637501395
"S099",19.4889333333333,"24/02/2025","15:40:10","chrome","False","Windows 10",1920,919,"prolific","Male",63,"High school","Prefer not to say","False","White","United Kingdom","Bisexual","In a relationship and not open to dating","Women (and heterosexual couples)",1.52738333333333,3,3,0,1,6,6,3,4,0,6,0,3,4,1,3,5,6,0,6,6,5,1,4,5,6,4,0.3345,"more than a year ago","I haven't watched pornography in the past 30 days","False","True","False","False","False","False","True","False","False","False","False",NA,NA,4,"",57.574,26.147,15.9210233592881,55.1724137931034,0,88.7474080923379,3.72577996715928,26.6666666666667,0,121.713018154801,1328.33730656035
"S100",20.6155833333333,"24/02/2025","16:46:48","chrome","False","Windows 10",1397,621,"prolific","Female",29,"Doctorate","Biology, Chemistry, Physics","Prefer not to say","White","United Kingdom","Bisexual","In a relationship and not open to dating","Men (and heterosexual couples)",1.39311666666667,1,4,1,2,4,5,5,2,0,5,4,5,3,4,4,6,4,4,1,5,2,4,2,2,4,4,0.208733333333333,"less than 24h ago","I watched pornography weekly","True","False","False","False","False","False","True","False","False","True","False",4,NA,3,NA,74.997,16.388,5.39202551834131,36.3636363636364,0,71.8666036788458,8.78787878787879,54.5454545454545,0,62.6989059588214,931.416662938773
"S101",28.9755666666667,"25/02/2025","11:37:17","firefox","False","Windows 10",1366,643,"prolific","Female",60,"High school","Prefer not to say","False","White","United Kingdom","Heterosexual","Single and open to dating","Prefer not to say",3.06313333333333,3,3,0,1,4,3,2,3,0,3,3,3,1,0,6,4,1,3,3,3,6,3,3,2,3,3,0.279233333333333,"less than 24h ago","I haven't watched pornography in the past 30 days","False","True","False","False","False","False","True","False","False","False","False",NA,NA,2,"",130.815,50.371,20,100,0,0.776115049871548,20,100,0,0.200015943242086,937.196884331142
"S102",17.90715,"25/02/2025","12:44:18","chrome","False","Windows 10",3840,1890,"prolific","Male",32,"High school","Prefer not to say","False","White","United Kingdom","Heterosexual","In a relationship and not open to dating","Prefer not to say",1.5385,3,3,1,2,4,4,5,4,1,3,4,3,4,4,3,4,5,4,4,4,2,4,4,3,4,4,0.247566666666667,"less than 24h ago","I watched pornography daily","False","True","False","False","False","False","False","True","False","False","False",NA,NA,4,"",63.059,23.005,3.062536528346,23.728813559322,0,56.4303740791725,6.61016949152542,45.7627118644068,0,74.4707691318497,2693.99331847724
"S103",23.29785,"25/02/2025","16:14:30","chrome","False","Windows 10",1920,919,"prolific","Male",47,"High school","Prefer not to say","False","White","United Kingdom","Heterosexual","Single and open to dating","Prefer not to say",3.93388333333333,3,4,3,3,4,4,4,4,2,5,4,5,3,2,3,5,5,3,4,5,4,4,3,4,4,2,0.349783333333333,"within the last week","I watched pornography weekly","False","True","False","False","False","False","True","False","False","False","False",NA,NA,4,"",48.426,18.626,2.36158192090395,16.9491525423729,0,141.946524202854,0.675141242937853,5.08474576271187,0,190.404027516074,1328.33730656035
"S104",34.0598833333333,"25/02/2025","16:47:17","chrome","False","Windows 10",1366,641,"prolific","Male",38,"High school","Prefer not to say","False","White","United Kingdom","Heterosexual","In a relationship and not open to dating","Prefer not to say",1.73775,1,5,6,4,6,6,6,2,1,6,4,2,4,2,4,6,5,2,2,4,3,3,4,6,5,2,0.272633333333333,"within the last 3 days","I watched pornography multiple times a week","False","True","False","False","False","False","False","False","False","False","False",NA,NA,4,"",45.31,15.202,0,0,0,62.013524633115,0,0,0,71.3597127962016,935.738211253554
"S105",23.4087166666667,"25/02/2025","16:59:32","chrome","False","Chrome OS",1366,633,"prolific","Female",27,"Bachelor","Psychology, Neuroscience","False","White","United Kingdom","Heterosexual","In a relationship and not open to dating","Prefer not to say",1.36178333333333,2,4,3,2,6,4,4,3,0,5,1,4,2,2,4,6,4,4,6,4,5,4,4,6,5,6,0.20165,"within the last 3 days","I watched pornography twice in the past 30 days","True","False","False","False","False","False","True","True","False","True","False",2,NA,3,"",53.695,16.438,2.43931475029036,9.75609756097561,0,92.5050546825842,2.63906372934697,17.5,0,108.356823120183,929.880637501395
"S106",24.0796166666667,"26/02/2025","05:44:26","chrome","False","Windows 10",1280,593,"prolific","Female",63,"High school","Prefer not to say","False","White","United States","Heterosexual","Single and not open to dating","Prefer not to say",2.45388333333333,1,1,6,4,6,3,6,3,3,4,1,6,4,2,4,4,2,0,4,1,6,3,6,6,1,6,0.228216666666667,"more than a year ago","I haven't watched pornography in the past 30 days","False","True","False","False","False","False","False","False","False","True","False",3,NA,2,"",135.262,35.051,4.70621468926554,16.9491525423729,0,65.2421273334428,4.2090395480226,20.3389830508475,0,114.309240406513,871.229016963967
"S107",31.3726333333333,"26/02/2025","11:42:13","chrome","False","Windows 10",1536,730,"prolific","Male",41,"High school","Prefer not to say","False","White","United Kingdom","Heterosexual","Single and open to dating","Prefer not to say",3.54891666666667,4,6,5,3,6,1,6,5,2,2,6,4,1,3,4,4,1,0,5,5,3,6,6,6,2,6,0.25005,"less than 24h ago","I watched pornography daily","False","True","False","False","False","False","True","False","False","False","False",NA,NA,4,"excellent brilliant study",215.195,41.038,11.2542372881356,55,0,60.2879701517802,0.677966101694915,5.08474576271187,0,68.3233896656995,1058.90509489756
"S108",22.8610833333333,"26/02/2025","12:22:18","edge-chromium","False","Windows 10",1528,738,"prolific","Male",18,"High school","Prefer not to say","True","South Asian","United Kingdom","Heterosexual","Single and open to dating","Prefer not to say",1.92451666666667,3,5,6,2,5,4,6,5,2,5,6,2,5,3,3,4,2,4,4,3,2,4,4,2,2,6,0.16625,"less than 24h ago","I watched pornography multiple times a week","False","True","False","False","False","False","False","False","False","True","False",3,NA,4,"",115.814,14.08,1.36206896551724,8.62068965517241,0,136.369307427538,4.36460159750633,21.6666666666667,0,140.445928793332,1061.91525085574
"S109",16.1327833333333,"26/02/2025","12:45:41","chrome","False","Mac OS",1440,788,"prolific","Female",31,"High school","Prefer not to say","False","Southeast Asian","United Kingdom","Heterosexual","In a relationship and not open to dating","Prefer not to say",1.69826666666667,4,2,6,4,5,2,4,4,3,5,3,4,4,2,4,5,4,2,4,5,4,4,4,5,4,4,0.252516666666667,"within the last week","I watched pornography weekly","True","False","True","False","False","False","True","False","True","False","False",NA,NA,4,"",60.001,17.453,8.38106370543542,44.8275862068966,0,67.7442712603808,0.836158192090396,6.66666666666667,0,93.5878013356598,1065.23236901626
