Participant,Experiment_Duration,Date,Time,Browser,Mobile,Platform,Screen_Width,Screen_Height,Source,Gender,Age,Education,Student,Discipline,Ethnicity,Country,SexualOrientation,SexualStatus,StimuliChoice,Bait_Duration,BAIT_ImagesIssues,BAIT_ImageDistinctionBad,BAIT_Worry,BAIT_InterestingAI,BAIT_VideosRealistic,BAIT_ImagesRealistic,BAIT_TextDifferentiation,BAIT_ImpersonalAI,BAIT_TrustHuman,BAIT_Benefit,BAIT_ContentDetection,BAIT_UniqueHuman,BAIT_ImageDistinctionEasy,BAIT_ExpertAI,BAIT_Exciting,BAIT_PreferenceHuman,BAIT_EnvironmentReal,BAIT_ImitatingReality,BAIT_InnovativeAI,BAIT_Dangerous,BAIT_VideosIssues,BAIT_EmotionalHuman,BAIT_UnderstandingAI,BAIT_UserAI,BAIT_TextIssues,BAIT_TextRealistic,COPS_Duration,SexualActivity,COPS_Frequency_2,Feedback_NoFacesAttractive,Feedback_SomeFacesAttractive,Feedback_AIMoreAttractive,Feedback_AILessAttractive,Feedback_DiffObvious,Feedback_DiffSubtle,Feedback_DiffNone,Feedback_LabelsIncorrect,Feedback_LabelsReversed,Feedback_AllReal,Feedback_AllFake,Feedback_AllRealConfidence,Feedback_AllFakeConfidence,Feedback_Enjoyment,Feedback_Text,Instruction_Duration1,Instruction_Duration2,Eyetracking_Validation1_Mean,Eyetracking_Validation1_Max,Eyetracking_Validation1_Min,Eyetracking_Validation1_Distance,Eyetracking_Validation2_Mean,Eyetracking_Validation2_Max,Eyetracking_Validation2_Min,Eyetracking_Validation2_Distance
S001,26.343733333333333,21/01/2025,15:47:54,firefox,True,Android OS,980.0,1921.0,prolific,Female,38,High school,False,Prefer not to say,White,United Kingdom,Heterosexual,In a relationship and not open to dating,Prefer not to say,3.4362,3.0,1.0,4.0,5.0,5.0,5.0,3.0,3.0,4.0,3.0,3.0,5.0,2.0,3.0,4.0,5.0,5.0,5.0,4.0,5.0,3.0,4.0,5.0,3.0,5.0,3.0,0.13546666666666668,within the last 3 days,I haven't watched pornography in the past 30 days,False,True,False,False,False,False,False,False,False,False,False,,,2,,51.036,8.585,20.0,100.0,0.0,0.06528932004930056,20.0,100.0,0.0,0.04542189768082282
S002,32.53798333333334,27/01/2025,21:16:46,chrome,False,Windows 10,1517.0,716.0,prolific,Male,34,Other,Prefer not to say,Prefer not to say,Mixed,South Africa,Heterosexual,Single and open to dating,Prefer not to say,2.4191333333333334,0.0,4.0,5.0,0.0,0.0,5.0,6.0,3.0,6.0,4.0,0.0,6.0,0.0,0.0,4.0,5.0,2.0,2.0,0.0,4.0,6.0,6.0,0.0,2.0,4.0,0.0,0.5772666666666667,more than a year ago,I watched pornography twice in the past 30 days,False,True,False,True,False,False,True,False,False,False,False,,,4,"Fascinating question the study makes me ask myself: ""Do I know how to differentiate from AI & Human-Gernerated?"". Evidently, it feels like I don't. Thank you for the opportunity to participate.",156.786,37.839,0.0,0.0,0.0,149.76891463414444,3.2496012759170654,13.636363636363635,0.0,162.70851404583746
S003,39.44965,28/01/2025,12:48:47,edge-chromium,False,Windows 10,1358.0,650.0,prolific,Female,62,Doctorate,Prefer not to say,Medicine,Mixed,South Africa,Heterosexual,In a relationship and not open to dating,Prefer not to say,3.2555833333333335,2.0,1.0,1.0,5.0,5.0,3.0,1.0,4.0,4.0,6.0,5.0,3.0,6.0,3.0,6.0,5.0,3.0,5.0,5.0,0.0,2.0,4.0,5.0,6.0,6.0,5.0,0.45243333333333335,within the last 3 days,I watched pornography twice in the past 30 days,False,True,True,False,True,False,False,False,True,False,False,,,4,not yet but i enjoyed the experiment a lot,270.669,61.15,1.3333333333333335,13.333333333333334,0.0,58.60477786697835,,,,
S004,17.401566666666668,30/01/2025,18:36:41,chrome,False,Windows 10,2560.0,1269.0,prolific,Male,42,Master,False,Otther,White,United Kingdom,Homosexual,In a relationship and not open to dating,Prefer not to say,1.6833666666666667,4.0,3.0,1.0,3.0,4.0,4.0,5.0,4.0,5.0,4.0,2.0,2.0,1.0,1.0,5.0,4.0,3.0,5.0,4.0,1.0,2.0,2.0,2.0,5.0,4.0,5.0,0.17231666666666667,within the last month,I watched pornography multiple times a week,False,True,False,False,False,False,True,False,False,False,False,,,4,,3.974,6.178,17.081920903954803,100.0,0.0,125.26637708388341,9.946327683615818,38.983050847457626,0.0,115.60859368767213
S005,25.885916666666667,30/01/2025,20:52:11,chrome,False,Windows 10,1366.0,641.0,prolific,Female,22,High school,True,Prefer not to say,Black,South Africa,Heterosexual,In a relationship and not open to dating,Prefer not to say,2.5748,4.0,3.0,6.0,6.0,5.0,6.0,4.0,5.0,6.0,4.0,3.0,5.0,3.0,3.0,4.0,6.0,6.0,6.0,6.0,6.0,4.0,5.0,3.0,6.0,4.0,3.0,0.5130166666666667,within the last week,I watched pornography twice in the past 30 days,False,True,False,True,False,False,False,True,False,True,False,3.0,,3,,115.8,32.501,2.6900584795321634,15.789473684210526,0.0,92.25342730436182,9.743589743589743,50.0,0.0,74.56064805259521
S006,20.5886,30/01/2025,21:17:03,chrome,False,Windows 10,1536.0,730.0,prolific,Female,23,High school,True,Prefer not to say,Black,South Africa,Heterosexual,In a relationship and not open to dating,Prefer not to say,1.7266333333333332,6.0,0.0,5.0,2.0,5.0,4.0,2.0,5.0,6.0,4.0,5.0,6.0,5.0,3.0,5.0,6.0,3.0,4.0,3.0,5.0,4.0,6.0,4.0,6.0,5.0,2.0,0.19868333333333332,within the last week,I watched pornography twice in the past 30 days,False,True,False,False,False,False,False,True,False,False,False,,,4,Study kept refreshing and forces one to start all over. In future please set it such that it continues where you left off.,4.345,23.079,2.3739177489177488,8.571428571428571,0.0,67.93544733324725,2.050420168067227,17.647058823529413,0.0,71.13291188660403
S007,33.60355,03/02/2025,14:27:17,chrome,False,Windows 10,1536.0,730.0,prolific,Female,23,Bachelor,False,Arts and Humanities,Black,South Africa,Heterosexual,Single and open to dating,Prefer not to say,2.7674166666666666,0.0,5.0,5.0,4.0,6.0,6.0,6.0,6.0,6.0,6.0,0.0,6.0,0.0,0.0,4.0,6.0,6.0,6.0,5.0,3.0,1.0,6.0,5.0,5.0,5.0,6.0,0.7217833333333333,less than 24h ago,I watched pornography weekly,False,True,False,True,False,False,True,False,False,True,False,4.0,,4,I liked this experiment. keep them coming!,82.045,27.99,7.296902396259497,30.508474576271187,0.0,97.82912538396674,4.284239236314046,15.517241379310345,0.0,162.29889087733108
S008,49.97618333333333,03/02/2025,15:46:51,chrome,False,Windows 10,1366.0,641.0,prolific,Male,22,High school,True,Prefer not to say,Black,South Africa,Heterosexual,In a relationship and open to dating,Prefer not to say,2.106866666666667,5.0,3.0,5.0,6.0,5.0,5.0,5.0,3.0,6.0,5.0,5.0,5.0,3.0,4.0,4.0,5.0,5.0,5.0,5.0,4.0,6.0,5.0,4.0,4.0,5.0,5.0,0.5259666666666667,within the last 3 days,I watched pornography twice in the past 30 days,False,True,True,False,False,False,False,False,False,True,False,4.0,,4,none,34.273,44.483,0.8333333333333333,8.333333333333332,0.0,85.59968586877753,3.9890074803867903,28.57142857142857,0.0,109.20239132666325
S009,20.81931666666667,04/02/2025,12:04:34,chrome,False,Windows 10,1336.0,589.0,prolific,Male,23,High school,True,Prefer not to say,Black,South Africa,Heterosexual,Single and open to dating,Prefer not to say,1.0374833333333333,3.0,4.0,6.0,4.0,2.0,3.0,3.0,3.0,4.0,3.0,4.0,3.0,3.0,0.0,3.0,6.0,5.0,4.0,3.0,5.0,4.0,4.0,4.0,3.0,2.0,3.0,0.24428333333333332,within the last year,I watched pornography twice in the past 30 days,False,True,False,True,False,False,True,True,True,False,False,,,2,no,60.672,70.343,5.505649717514125,30.0,0.0,67.04826520278309,1.350574712643678,8.333333333333332,0.0,72.61422594037234
S010,29.451649999999997,04/02/2025,12:06:33,edge-chromium,False,Windows 10,1358.0,608.0,prolific,Female,40,Bachelor,False,Arts and Humanities,Black,South Africa,Heterosexual,Single and open to dating,Prefer not to say,3.0780666666666665,4.0,1.0,1.0,3.0,4.0,5.0,2.0,4.0,2.0,4.0,5.0,4.0,4.0,3.0,5.0,3.0,4.0,3.0,5.0,5.0,4.0,4.0,4.0,5.0,3.0,4.0,0.44011666666666666,within the last month,I haven't watched pornography in the past 30 days,False,True,True,False,False,False,False,False,False,True,False,3.0,,3,,52.463,15.328,1.5254237288135593,13.559322033898304,0.0,118.6362557454311,1.1864406779661016,6.779661016949152,0.0,123.92209613375971
S011,22.165066666666668,04/02/2025,12:14:06,chrome,False,Windows 10,2048.0,1191.0,prolific,Male,23,Bachelor,False,"Engineering, Computer Science",Black,South Africa,Heterosexual,Single and open to dating,Prefer not to say,1.4950666666666665,1.0,2.0,6.0,3.0,4.0,3.0,4.0,3.0,3.0,5.0,2.0,4.0,2.0,3.0,6.0,3.0,4.0,4.0,5.0,3.0,3.0,4.0,5.0,5.0,3.0,6.0,0.21196666666666666,within the last month,I watched pornography daily,False,True,False,True,False,False,True,False,False,True,False,5.0,,4,,44.284,29.61,0.4,4.0,0.0,185.28353444029366,2.033333333333333,12.0,0.0,448.71511488768283
S012,24.53966666666667,04/02/2025,12:17:31,chrome,False,Windows 10,1536.0,776.0,prolific,Female,24,Bachelor,False,"Business, Economics",Black,South Africa,Heterosexual,In a relationship and not open to dating,Prefer not to say,1.9021166666666667,4.0,5.0,1.0,6.0,6.0,6.0,6.0,0.0,3.0,4.0,1.0,5.0,1.0,2.0,6.0,3.0,5.0,5.0,6.0,3.0,5.0,1.0,4.0,6.0,1.0,4.0,0.2843,within the last month,I watched pornography multiple times a week,False,True,True,False,False,False,False,True,False,False,False,,,4,,131.895,21.343,36.911065653613875,89.83050847457628,0.0,34.54306953884466,3.505747126436782,15.0,0.0,100.17811222500113
S013,28.197633333333332,04/02/2025,12:21:28,chrome,False,Windows 10,1600.0,731.0,prolific,Male,23,Bachelor,True,Medicine,Black,South Africa,Heterosexual,In a relationship and not open to dating,Prefer not to say,2.5442166666666663,0.0,4.0,1.0,3.0,4.0,6.0,4.0,3.0,3.0,6.0,0.0,4.0,0.0,4.0,6.0,3.0,6.0,6.0,5.0,2.0,0.0,0.0,6.0,6.0,0.0,0.0,0.31126666666666664,within the last 3 days,I watched pornography weekly,False,True,True,False,False,False,True,False,False,False,False,,,4,I enjoyed the experiment and i am fully willing to participate in future experiments with you,140.483,38.125,5.315554740957967,16.129032258064516,0.0,151.9719763845743,10.807559746519702,30.0,0.0,201.62374403942422
S014,38.26635,04/02/2025,12:37:00,chrome,False,Windows 10,500.0,568.0,prolific,Male,25,Bachelor,True,"Business, Economics",Black,South Africa,Heterosexual,In a relationship and not open to dating,Prefer not to say,2.1137666666666663,4.0,3.0,1.0,5.0,4.0,5.0,5.0,5.0,5.0,5.0,5.0,4.0,4.0,3.0,5.0,5.0,5.0,4.0,5.0,0.0,5.0,4.0,3.0,6.0,5.0,5.0,0.4044833333333333,within the last 3 days,I watched pornography weekly,False,True,True,False,True,False,False,False,False,False,True,,3.0,4,It was good,53.868,26.341,0.0,0.0,0.0,79.03726298742134,0.0,0.0,0.0,80.26403041665912
S015,20.212466666666668,04/02/2025,15:05:40,chrome,False,Chrome OS,1536.0,695.0,prolific,Female,59,High school,False,Prefer not to say,White,United Kingdom,Heterosexual,In a relationship and not open to dating,Prefer not to say,1.4017333333333333,2.0,3.0,5.0,2.0,6.0,6.0,4.0,5.0,5.0,3.0,2.0,5.0,2.0,1.0,5.0,5.0,5.0,5.0,6.0,4.0,2.0,5.0,3.0,3.0,3.0,5.0,0.26903333333333335,less than 24h ago,I haven't watched pornography in the past 30 days,False,True,False,False,False,False,False,False,False,False,False,,,4,,64.914,28.043,0.0,0.0,0.0,148.41898907617264,1.5241682360326427,7.4074074074074066,0.0,180.68229570156038
S016,18.82315,04/02/2025,15:26:30,chrome,False,Windows 10,1536.0,730.0,prolific,Male,30,High school,False,Prefer not to say,White,United Kingdom,Heterosexual,In a relationship and not open to dating,Prefer not to say,1.5270000000000001,0.0,3.0,6.0,0.0,4.0,4.0,4.0,4.0,6.0,2.0,1.0,6.0,3.0,0.0,5.0,6.0,3.0,3.0,1.0,5.0,3.0,4.0,0.0,0.0,3.0,4.0,0.22196666666666667,less than 24h ago,I watched pornography daily,False,True,False,False,False,False,False,False,False,True,False,2.0,,2,,69.628,16.838,16.059322033898304,65.0,0.0,64.31922407282944,7.118644067796609,22.033898305084744,0.0,66.83217042030189
S017,29.839316666666665,04/02/2025,16:33:08,chrome,False,Windows 10,1366.0,641.0,prolific,Female,28,High school,False,Prefer not to say,Mixed,South Africa,Bisexual,In a relationship and open to dating,Women (and heterosexual couples),2.3015666666666665,4.0,2.0,5.0,0.0,2.0,2.0,2.0,6.0,5.0,1.0,3.0,6.0,4.0,1.0,3.0,5.0,3.0,3.0,3.0,3.0,4.0,6.0,4.0,1.0,6.0,1.0,0.26945,within the last week,I watched pornography once in the past 30 days,False,True,False,False,False,False,True,True,False,False,False,,,4,,144.882,46.006,1.5062388591800357,6.0606060606060606,0.0,93.61019648048746,3.048654244306418,17.391304347826086,0.0,146.36281141053374
S018,31.822533333333336,04/02/2025,16:36:54,chrome,False,Windows 10,1366.0,641.0,prolific,Female,24,High school,False,Prefer not to say,Black,South Africa,Heterosexual,Single and open to dating,Prefer not to say,2.50665,3.0,2.0,3.0,5.0,4.0,5.0,3.0,5.0,6.0,6.0,5.0,5.0,4.0,3.0,6.0,5.0,4.0,4.0,6.0,2.0,4.0,6.0,5.0,5.0,6.0,4.0,0.5914833333333332,within the last 3 days,I watched pornography multiple times a week,False,True,False,False,False,False,True,False,False,False,False,,,4,,113.223,37.346,17.62237762237762,90.9090909090909,0.0,65.33406915206437,8.095238095238097,58.333333333333336,0.0,77.81746560036119
S019,42.460816666666666,04/02/2025,16:40:15,chrome,False,Windows 10,500.0,588.0,prolific,Male,24,Bachelor,True,"Engineering, Computer Science",Black,South Africa,Homosexual,In a relationship and not open to dating,Prefer not to say,3.9040833333333333,2.0,1.0,3.0,5.0,6.0,6.0,5.0,5.0,5.0,6.0,1.0,3.0,2.0,2.0,6.0,1.0,6.0,5.0,6.0,6.0,3.0,4.0,5.0,3.0,4.0,6.0,0.41006666666666663,within the last week,I watched pornography multiple times a week,False,True,False,False,False,False,True,False,False,False,False,,,4,"AI photo has a dreamy like quality , and photo graphs are more grounded in reality but it can also be difficult to differentiate ",119.786,59.66,2.9543478260869565,13.043478260869565,0.0,79.34734116246901,2.2051282051282053,11.538461538461538,0.0,120.56632917238328
S020,24.273483333333335,05/02/2025,12:31:06,chrome,False,Mac OS,1693.0,892.0,prolific,Male,29,Bachelor,False,Other,White,United States,Heterosexual,In a relationship and not open to dating,Prefer not to say,1.6749666666666667,2.0,2.0,6.0,0.0,2.0,6.0,6.0,6.0,6.0,1.0,4.0,6.0,5.0,2.0,3.0,6.0,4.0,3.0,0.0,6.0,5.0,6.0,4.0,4.0,1.0,5.0,0.2665166666666667,less than 24h ago,I watched pornography multiple times a week,False,True,False,True,False,False,False,False,False,False,False,,,4,,57.259,22.092,9.661016949152543,23.728813559322035,0.0,79.22877036501791,9.830508474576272,28.8135593220339,0.0,78.83542477037574
S021,20.609883333333336,05/02/2025,18:16:13,firefox,False,Linux,1920.0,964.0,prolific,Male,35,Bachelor,False,"Biology, Chemistry, Physics",White,United Kingdom,Heterosexual,Single and open to dating,Prefer not to say,1.5926833333333335,2.0,3.0,1.0,3.0,4.0,5.0,2.0,3.0,3.0,6.0,4.0,6.0,3.0,4.0,6.0,3.0,5.0,4.0,6.0,1.0,4.0,6.0,4.0,6.0,4.0,3.0,0.17326666666666668,less than 24h ago,I watched pornography multiple times a day,False,True,False,False,False,False,True,True,False,True,False,4.0,,4,no,79.115,21.021,20.0,100.0,0.0,0.011864406779659475,20.0,100.0,0.0,0.0
S022,19.88905,05/02/2025,20:17:32,chrome,False,Windows 10,1366.0,641.0,prolific,Female,33,Bachelor,False,Other,Black,South Africa,Heterosexual,In a relationship and not open to dating,Prefer not to say,1.3528666666666667,6.0,0.0,6.0,6.0,6.0,6.0,6.0,6.0,6.0,6.0,6.0,6.0,6.0,6.0,6.0,6.0,6.0,6.0,6.0,0.0,6.0,6.0,6.0,6.0,6.0,0.0,0.4618333333333334,within the last 3 days,I haven't watched pornography in the past 30 days,False,True,True,False,False,False,True,True,False,False,False,,,4,,36.464,11.427,2.142857142857143,16.666666666666664,0.0,93.14607356426077,2.904347826086956,16.0,0.0,82.00043949065
S023,19.305983333333334,05/02/2025,20:44:23,chrome,False,Windows 10,1536.0,695.0,prolific,Female,35,Bachelor,False,"Business, Economics",Black,South Africa,Heterosexual,In a relationship and open to dating,Prefer not to say,1.7456333333333334,2.0,4.0,6.0,4.0,4.0,5.0,4.0,3.0,4.0,4.0,3.0,4.0,2.0,3.0,2.0,5.0,5.0,4.0,4.0,5.0,4.0,5.0,4.0,5.0,2.0,3.0,0.39631666666666665,less than 24h ago,I haven't watched pornography in the past 30 days,False,False,True,False,False,False,True,False,False,True,False,2.0,,3,,60.466,14.246,16.125567425284423,44.06779661016949,0.0,49.406729863638624,21.908768853753315,55.172413793103445,0.0,59.20471352315394
S024,17.58353333333333,06/02/2025,10:54:25,chrome,False,Windows 10,1536.0,703.0,prolific,Female,40,Bachelor,False,Arts and Humanities,White,United Kingdom,Heterosexual,In a relationship and not open to dating,Prefer not to say,1.02475,3.0,2.0,4.0,0.0,4.0,5.0,3.0,6.0,5.0,2.0,4.0,6.0,4.0,2.0,3.0,6.0,2.0,2.0,0.0,4.0,5.0,6.0,4.0,2.0,4.0,4.0,0.16265000000000002,within the last month,I haven't watched pornography in the past 30 days,False,True,False,False,False,False,False,False,False,False,True,,2.0,3,,50.216,12.59,0.0,0.0,0.0,111.62448136653806,0.0,0.0,0.0,117.70930104435203
S025,28.549666666666667,06/02/2025,13:04:05,chrome,False,Windows 10,2560.0,1305.0,prolific,Male,22,High school,False,Prefer not to say,Mixed,South Africa,Heterosexual,Single and open to dating,Prefer not to say,2.5689333333333333,5.0,1.0,3.0,1.0,3.0,5.0,4.0,6.0,6.0,4.0,5.0,6.0,5.0,3.0,6.0,6.0,6.0,6.0,3.0,5.0,6.0,6.0,6.0,3.0,5.0,4.0,0.36545,less than 24h ago,I watched pornography multiple times a week,False,True,False,True,False,False,False,True,True,False,False,,,4,,93.9,37.193,6.7725501655951685,28.333333333333332,0.0,64.79037949912757,5.260081823495032,44.06779661016949,0.0,95.00589371672447
S026,29.522283333333334,06/02/2025,13:05:18,edge-chromium,False,Windows 10,1592.0,782.0,prolific,Male,33,High school,True,Prefer not to say,Black,South Africa,Heterosexual,In a relationship and not open to dating,Prefer not to say,3.790316666666667,0.0,6.0,4.0,5.0,4.0,5.0,4.0,4.0,3.0,4.0,0.0,4.0,1.0,1.0,6.0,5.0,3.0,1.0,5.0,6.0,1.0,4.0,3.0,4.0,2.0,4.0,0.37778333333333336,within the last week,I haven't watched pornography in the past 30 days,False,True,False,False,False,False,True,False,False,False,False,,,4,none,91.806,26.359,1.8,18.0,0.0,95.28329968353555,1.4627659574468086,12.5,0.0,55.55615162076026
S027,25.9526,06/02/2025,13:17:43,edge-chromium,True,Android OS,980.0,1696.0,prolific,Female,26,Bachelor,True,"Psychology, Neuroscience",Black,South Africa,Heterosexual,In a relationship and not open to dating,Prefer not to say,2.6207,2.0,4.0,6.0,4.0,4.0,6.0,6.0,3.0,4.0,3.0,3.0,5.0,3.0,3.0,4.0,3.0,6.0,4.0,6.0,4.0,1.0,3.0,3.0,3.0,5.0,5.0,0.62705,within the last week,I watched pornography twice in the past 30 days,False,True,True,False,False,False,False,True,False,False,False,,,4,The experiment was different and fun,130.578,41.01,3.791208791208791,15.384615384615385,0.0,22.201137951873758,0.0,0.0,0.0,38.33366453804881
S028,25.061966666666667,07/02/2025,10:25:04,chrome,False,Windows 10,1536.0,703.0,prolific,Male,34,Bachelor,False,"Biology, Chemistry, Physics",White,United Kingdom,Heterosexual,In a relationship and not open to dating,Prefer not to say,2.163483333333333,4.0,1.0,3.0,0.0,0.0,2.0,1.0,6.0,6.0,3.0,4.0,4.0,4.0,0.0,4.0,6.0,2.0,2.0,2.0,1.0,4.0,6.0,2.0,4.0,6.0,2.0,0.32853333333333334,less than 24h ago,I watched pornography twice in the past 30 days,False,True,False,False,False,False,False,False,False,True,False,1.0,,4,Thanks,72.582,26.405,9.830508474576272,52.54237288135594,0.0,47.66176341306532,7.608303341638726,32.758620689655174,0.0,56.137070136932905
S029,44.67868333333333,07/02/2025,11:36:24,chrome,False,Windows 10,1366.0,599.0,prolific,Female,23,Bachelor,False,"Sociology, Anthropology",Black,South Africa,Heterosexual,In a relationship and not open to dating,Prefer not to say,4.365083333333333,4.0,5.0,4.0,4.0,4.0,6.0,4.0,3.0,2.0,4.0,5.0,4.0,2.0,3.0,6.0,3.0,4.0,6.0,5.0,4.0,3.0,5.0,6.0,6.0,1.0,5.0,1.1769,within the last month,I watched pornography weekly,False,True,True,False,False,False,True,False,False,True,False,4.0,,3,The study was very unique and straighfoward. I would like to participate in many more of your studies in the future.,362.904,75.288,0.0,0.0,0.0,93.3595805449724,2.3672316384180787,11.864406779661017,0.0,105.9687661777546
S030,35.30905,07/02/2025,11:42:25,chrome,False,Linux,817.0,721.0,prolific,Female,26,High school,False,Prefer not to say,Black,South Africa,Heterosexual,In a relationship and not open to dating,Only men (and gay couples),2.3501666666666665,4.0,3.0,4.0,5.0,4.0,4.0,3.0,3.0,5.0,4.0,5.0,4.0,5.0,5.0,6.0,4.0,3.0,3.0,3.0,1.0,3.0,3.0,5.0,5.0,4.0,4.0,0.44116666666666665,within the last week,I watched pornography weekly,False,False,True,False,False,False,True,False,False,True,False,3.0,,4,The experience was great.,17.909,39.617,0.0,0.0,0.0,174.59019797834588,0.0,0.0,0.0,247.12911656124612
S031,32.12535,07/02/2025,11:42:48,chrome,False,Windows 10,1366.0,633.0,prolific,Female,28,Bachelor,False,"Psychology, Neuroscience",Black,South Africa,Heterosexual,In a relationship and not open to dating,Prefer not to say,2.9709,3.0,6.0,6.0,3.0,5.0,5.0,1.0,6.0,3.0,5.0,4.0,6.0,1.0,2.0,3.0,4.0,6.0,5.0,6.0,2.0,1.0,6.0,5.0,4.0,6.0,1.0,0.4029833333333333,less than 24h ago,I haven't watched pornography in the past 30 days,False,True,False,True,False,False,True,False,False,True,False,5.0,,4,,115.459,53.911,12.042146697388633,31.428571428571427,0.0,80.35492592411148,3.4299777530589544,12.903225806451612,0.0,81.36718378323557
S032,23.282316666666667,07/02/2025,11:54:24,chrome,False,Windows 10,1280.0,593.0,prolific,Male,29,Other,Prefer not to say,Prefer not to say,Black,South Africa,Heterosexual,In a relationship and not open to dating,Prefer not to say,2.9366,4.0,4.0,6.0,3.0,6.0,6.0,6.0,6.0,4.0,6.0,4.0,6.0,2.0,2.0,6.0,3.0,6.0,6.0,4.0,4.0,6.0,6.0,2.0,6.0,4.0,6.0,0.8048333333333333,within the last month,I watched pornography twice in the past 30 days,False,True,False,True,False,False,True,False,False,False,False,,,4,,25.864,38.124,5.428846153846154,28.205128205128204,0.0,56.987269679166914,1.168831168831169,4.761904761904762,0.0,75.1931029279043
S033,26.294966666666667,07/02/2025,11:55:24,chrome,False,Windows 10,1536.0,695.0,prolific,Male,32,Bachelor,False,"Engineering, Computer Science",Black,South Africa,Heterosexual,In a relationship and open to dating,Prefer not to say,2.5372333333333335,4.0,0.0,6.0,6.0,2.0,5.0,5.0,2.0,2.0,5.0,4.0,5.0,4.0,2.0,6.0,2.0,5.0,5.0,6.0,1.0,5.0,4.0,6.0,6.0,6.0,5.0,0.3053666666666667,within the last 3 days,I watched pornography weekly,False,True,False,False,False,False,False,False,False,False,False,,,4,,76.61,17.728,2.6879084967320264,12.5,0.0,131.1022519793411,1.5592203898050974,8.695652173913043,0.0,178.243730969765
S034,33.255700000000004,07/02/2025,12:00:40,chrome,False,Windows 10,1366.0,639.0,prolific,Male,21,High school,True,Prefer not to say,Black,South Africa,Heterosexual,Single and open to dating,Prefer not to say,3.2367500000000002,4.0,2.0,0.0,1.0,2.0,6.0,5.0,4.0,5.0,6.0,4.0,6.0,4.0,1.0,6.0,5.0,5.0,4.0,6.0,1.0,6.0,4.0,1.0,6.0,4.0,6.0,0.2905333333333333,more than a year ago,I watched pornography multiple times a day,False,True,True,False,True,False,False,True,False,False,False,,,4,Nothing,160.572,43.151,4.3478260869565215,21.73913043478261,0.0,65.75504430065624,8.14703425229741,23.809523809523807,0.0,72.10084600194963
S035,39.10425,07/02/2025,17:40:49,chrome,False,Windows 10,1920.0,953.0,prolific,Female,32,Bachelor,False,"Engineering, Computer Science",Black,South Africa,Heterosexual,In a relationship and not open to dating,Prefer not to say,3.122383333333333,6.0,0.0,4.0,0.0,2.0,2.0,2.0,5.0,6.0,4.0,6.0,6.0,4.0,0.0,6.0,6.0,4.0,0.0,3.0,6.0,6.0,3.0,5.0,6.0,6.0,2.0,0.5330333333333334,within the last 3 days,I watched pornography once in the past 30 days,False,True,False,True,False,False,False,True,False,False,False,,,4,,199.438,42.947,17.210669865780755,50.0,0.0,74.49439047378806,17.559906487434244,42.3728813559322,0.0,81.23327808617896
S036,27.4237,07/02/2025,17:42:12,firefox,False,Linux,1294.0,656.0,prolific,Female,40,Bachelor,False,"Business, Economics",Black,South Africa,Heterosexual,In a relationship and not open to dating,Prefer not to say,1.7576666666666665,3.0,3.0,4.0,3.0,3.0,3.0,3.0,2.0,3.0,3.0,2.0,4.0,3.0,1.0,3.0,4.0,3.0,3.0,3.0,3.0,2.0,3.0,2.0,2.0,3.0,3.0,0.30446666666666666,within the last 3 days,I haven't watched pornography in the past 30 days,False,True,False,True,False,False,True,False,False,False,False,,,4,NO COMMENTS,35.831,12.77,20.0,100.0,0.0,1.3554214194999514,20.0,100.0,0.0,0.2832807219155029
S037,33.41115,07/02/2025,18:02:08,chrome,False,Windows 10,1397.0,655.0,prolific,Female,23,Master,True,Other,Black,South Africa,Heterosexual,In a relationship and not open to dating,Prefer not to say,3.1139333333333337,0.0,4.0,0.0,6.0,5.0,4.0,6.0,2.0,1.0,3.0,1.0,2.0,3.0,3.0,6.0,2.0,6.0,4.0,4.0,5.0,1.0,5.0,3.0,5.0,6.0,4.0,0.8191833333333334,less than 24h ago,I watched pornography once in the past 30 days,False,True,True,False,False,False,True,True,False,False,True,,3.0,4,,4.247,13.418,0.0,0.0,0.0,134.69344917785588,0.0,0.0,0.0,151.16671223567315
S038,36.36161666666667,07/02/2025,18:07:17,chrome,False,Windows 10,1364.0,681.0,prolific,Male,27,High school,Prefer not to say,Prefer not to say,Black,South Africa,Heterosexual,Single and open to dating,Prefer not to say,3.268666666666667,4.0,6.0,6.0,0.0,3.0,6.0,3.0,3.0,3.0,3.0,0.0,5.0,2.0,2.0,6.0,6.0,6.0,6.0,2.0,5.0,1.0,6.0,2.0,3.0,4.0,5.0,0.53735,within the last year,I watched pornography twice in the past 30 days,True,False,False,False,False,False,False,True,False,True,False,3.0,,4,this experiment have me aroused to extreme extends and sadly/badly enough i have no one to go to for sexual healing and but i will be strong ,186.11,54.637,2.142857142857143,21.428571428571427,0.0,56.75985930999262,7.94155844155844,27.27272727272727,0.0,69.17562593989058
S039,30.1078,07/02/2025,19:05:10,crios,False,Mac OS,980.0,1704.0,prolific,Male,25,Bachelor,True,"Sociology, Anthropology",Black,Prefer not to say,Homosexual,In a relationship and not open to dating,Prefer not to say,2.840116666666667,2.0,2.0,1.0,3.0,4.0,5.0,2.0,3.0,2.0,5.0,4.0,3.0,6.0,5.0,5.0,2.0,5.0,4.0,4.0,0.0,1.0,3.0,5.0,5.0,3.0,2.0,0.65625,less than 24h ago,I watched pornography weekly,False,True,False,True,False,False,True,False,False,True,False,3.0,,4,I enjoyed taking this experiment and get to understand the use of AI,87.339,39.784,1.0777058279370952,4.25531914893617,0.0,412.2245310486095,1.1067193675889329,6.521739130434782,0.0,271.9880729373109
S040,21.19165,10/02/2025,10:37:25,chrome,False,Windows 10,1920.0,1073.0,prolific,Female,40,Bachelor,False,"Biology, Chemistry, Physics",White,United Kingdom,Heterosexual,In a relationship and not open to dating,Prefer not to say,1.8378666666666668,2.0,3.0,5.0,2.0,5.0,6.0,5.0,5.0,6.0,2.0,4.0,5.0,2.0,0.0,3.0,6.0,4.0,5.0,4.0,4.0,3.0,4.0,2.0,0.0,4.0,5.0,0.4497666666666667,within the last week,I watched pornography once in the past 30 days,True,False,False,False,False,False,True,True,False,False,False,,,4,,71.415,20.654,20.67005681654866,56.666666666666664,0.0,62.799637349376454,13.940677966101697,43.333333333333336,0.0,51.254236558511934
S041,18.9537,10/02/2025,10:47:30,edge-chromium,False,Windows 10,1358.0,642.0,prolific,Female,34,High school,False,Prefer not to say,White,United Kingdom,Heterosexual,In a relationship and not open to dating,Prefer not to say,1.9543,0.0,5.0,6.0,0.0,6.0,5.0,3.0,6.0,0.0,3.0,0.0,6.0,1.0,0.0,3.0,3.0,6.0,6.0,6.0,4.0,1.0,6.0,1.0,0.0,6.0,5.0,0.28359999999999996,within the last 3 days,I watched pornography weekly,True,False,False,False,False,False,True,False,False,False,False,,,4,,25.096,16.563,5.1989730423620015,41.46341463414634,0.0,85.69970441373167,0.3125,3.125,0.0,144.70093342423354
S042,28.8571,10/02/2025,12:35:49,chrome,False,Windows 10,1536.0,730.0,prolific,Female,25,Bachelor,False,"Literature, Languages",Black,South Africa,Heterosexual,In a relationship and not open to dating,Prefer not to say,2.9326166666666666,3.0,2.0,5.0,2.0,3.0,6.0,3.0,3.0,5.0,3.0,3.0,5.0,4.0,5.0,4.0,6.0,3.0,4.0,3.0,5.0,6.0,5.0,6.0,4.0,5.0,3.0,0.56345,within the last week,I watched pornography twice in the past 30 days,False,True,False,False,False,False,True,False,False,True,False,3.0,,3,,129.847,36.59,3.553672316384181,32.20338983050847,0.0,67.94991187584051,16.213143573862446,46.34146341463415,0.0,74.14897116677943
S043,26.205583333333333,10/02/2025,12:42:38,chrome,False,Windows 10,1536.0,730.0,prolific,Male,27,Bachelor,True,"Political Science, Law",Black,South Africa,Heterosexual,In a relationship and open to dating,Prefer not to say,2.6228333333333333,4.0,3.0,4.0,5.0,4.0,5.0,4.0,4.0,5.0,6.0,3.0,5.0,4.0,2.0,6.0,6.0,4.0,6.0,6.0,5.0,3.0,6.0,4.0,4.0,5.0,4.0,0.41461666666666663,within the last 3 days,I haven't watched pornography in the past 30 days,False,True,False,True,False,False,True,True,False,True,False,3.0,,3,,83.529,32.847,32.17796610169491,80.0,0.0,68.36956083312205,22.57909604519774,42.3728813559322,5.084745762711865,67.6301828796255
S044,34.07873333333333,10/02/2025,12:43:49,chrome,False,Windows 10,1366.0,679.0,prolific,Male,37,Master,False,"Biology, Chemistry, Physics",Prefer not to say,Prefer not to say,Heterosexual,In a relationship and not open to dating,Prefer not to say,3.8397666666666668,5.0,4.0,6.0,6.0,6.0,6.0,0.0,6.0,6.0,5.0,6.0,4.0,2.0,0.0,6.0,2.0,6.0,6.0,6.0,6.0,1.0,2.0,4.0,3.0,6.0,6.0,0.4594333333333333,within the last 3 days,I watched pornography once in the past 30 days,False,True,False,False,False,False,False,False,False,True,False,5.0,,4,The brief was clear,213.185,65.515,8.543756967670012,54.166666666666664,0.0,88.37067184079051,15.570512820512821,42.30769230769231,0.0,80.90305261705878
S045,45.25248333333333,10/02/2025,12:50:36,chrome,False,Windows 10,1366.0,633.0,prolific,Female,64,High school,False,Prefer not to say,Black,South Africa,Heterosexual,Other,Prefer not to say,5.891933333333333,2.0,4.0,4.0,5.0,5.0,4.0,5.0,3.0,5.0,4.0,2.0,2.0,2.0,1.0,4.0,3.0,5.0,5.0,5.0,3.0,4.0,4.0,3.0,1.0,4.0,5.0,0.8867166666666667,within the last week,I watched pornography once in the past 30 days,False,False,True,False,False,False,True,False,False,True,False,3.0,,4,Invite me for more studies like this,251.684,150.344,0.5172413793103449,5.172413793103448,0.0,66.63455369129878,4.43973463758754,15.254237288135593,0.0,73.49669952135822
S046,31.544266666666665,10/02/2025,12:54:50,chrome,False,Windows 10,1366.0,645.0,prolific,Male,65,High school,False,Prefer not to say,White,South Africa,Heterosexual,In a relationship and not open to dating,Prefer not to say,3.163683333333333,2.0,5.0,4.0,1.0,6.0,6.0,5.0,1.0,5.0,3.0,0.0,3.0,0.0,0.0,4.0,2.0,6.0,5.0,4.0,4.0,0.0,3.0,4.0,3.0,3.0,1.0,0.4583833333333333,within the last week,I haven't watched pornography in the past 30 days,False,True,False,False,False,False,True,False,False,True,False,3.0,,4,Maybe my comments would be different if I had more time to look at the pictures.,116.38,30.557,9.420289855072463,39.130434782608695,0.0,60.63518549293919,8.430105401844532,33.33333333333333,0.0,71.01670560934541
S047,28.749483333333334,10/02/2025,12:59:30,chrome,False,Windows 10,1366.0,599.0,prolific,Male,30,Bachelor,False,"Engineering, Computer Science",Black,South Africa,Heterosexual,In a relationship and not open to dating,Prefer not to say,1.98915,1.0,5.0,4.0,4.0,4.0,5.0,4.0,3.0,5.0,4.0,3.0,3.0,5.0,5.0,3.0,3.0,5.0,4.0,4.0,2.0,2.0,3.0,5.0,4.0,3.0,4.0,0.6384333333333333,within the last month,I watched pornography twice in the past 30 days,False,True,True,False,True,False,False,False,False,False,True,,4.0,4,the experiment was great,54.213,10.114,13.688596491228068,33.33333333333333,0.0,66.75994542236579,2.2549019607843137,16.666666666666664,0.0,106.39481168633858
S048,19.57858333333333,10/02/2025,13:30:14,chrome,False,Windows 10,1600.0,765.0,prolific,Male,23,High school,True,Prefer not to say,Black,South Africa,Heterosexual,Single and open to dating,Prefer not to say,1.8519,2.0,6.0,4.0,4.0,6.0,6.0,5.0,5.0,6.0,6.0,0.0,5.0,0.0,5.0,6.0,2.0,6.0,6.0,6.0,3.0,1.0,3.0,6.0,6.0,2.0,6.0,0.20868333333333336,within the last 3 days,I watched pornography multiple times a week,False,True,True,False,False,False,True,False,False,False,False,,,4,I enjoyed the experiment,41.16,28.638,8.370339338081275,45.45454545454545,0.0,216.44552202810405,10.195564516129032,28.125,0.0,250.79828849908813
S049,22.94985,10/02/2025,19:22:56,chrome,False,Windows 10,1280.0,551.0,prolific,Female,41,Bachelor,False,"Business, Economics",Black,South Africa,Homosexual,In a relationship and not open to dating,Prefer not to say,2.2679666666666667,1.0,5.0,1.0,5.0,6.0,6.0,5.0,3.0,4.0,5.0,5.0,4.0,1.0,4.0,6.0,3.0,5.0,6.0,3.0,0.0,1.0,2.0,6.0,5.0,5.0,4.0,0.2589666666666667,less than 24h ago,I watched pornography once in the past 30 days,False,True,True,False,False,False,True,False,False,False,False,,,4,nothing,64.806,25.006,9.535651665692578,25.423728813559322,0.0,72.5419962021883,1.5517241379310345,15.517241379310345,0.0,140.61667735646583
S050,30.49915,10/02/2025,19:23:37,chrome,False,Windows 10,1360.0,651.0,prolific,Male,54,High school,False,Prefer not to say,Mixed,South Africa,Heterosexual,In a relationship and not open to dating,Prefer not to say,2.9058166666666665,4.0,5.0,3.0,3.0,5.0,6.0,6.0,5.0,3.0,6.0,0.0,3.0,3.0,3.0,6.0,3.0,5.0,6.0,5.0,0.0,3.0,5.0,5.0,4.0,5.0,6.0,0.4700166666666667,within the last 3 days,I watched pornography twice in the past 30 days,False,True,True,False,False,False,True,True,False,True,False,3.0,,4,,75.108,36.562,3.4045584045584043,11.538461538461538,0.0,153.10822822913113,0.0,0.0,0.0,164.7162441935667
S051,57.98055,10/02/2025,19:31:23,chrome,False,Windows 10,1366.0,647.0,prolific,Male,22,High school,False,Prefer not to say,Black,South Africa,Heterosexual,Single and open to dating,Prefer not to say,4.707400000000001,4.0,3.0,6.0,5.0,5.0,5.0,1.0,5.0,5.0,5.0,5.0,4.0,6.0,5.0,6.0,4.0,4.0,4.0,6.0,2.0,6.0,4.0,5.0,4.0,5.0,5.0,1.0100333333333333,within the last month,I watched pornography twice in the past 30 days,False,True,True,False,False,False,False,False,False,False,True,,4.0,4,,111.56,72.947,0.0,0.0,0.0,71.85976642343749,0.0,0.0,0.0,152.3430620493706
S052,47.83976666666667,10/02/2025,19:31:24,chrome,False,Windows 10,1366.0,633.0,prolific,Female,23,High school,True,Prefer not to say,Black,South Africa,Heterosexual,Single and open to dating,Prefer not to say,5.698633333333333,4.0,2.0,0.0,4.0,3.0,4.0,5.0,1.0,3.0,5.0,1.0,1.0,3.0,2.0,6.0,3.0,5.0,4.0,1.0,0.0,1.0,1.0,3.0,5.0,1.0,1.0,1.1702166666666665,more than a year ago,I haven't watched pornography in the past 30 days,False,True,True,False,False,False,False,False,False,True,False,3.0,,1,"It hard to differentiate images by AI and those of a real image, I think AI has improved.",96.872,48.034,13.273161418670316,35.483870967741936,0.0,67.25863824809244,6.3040752351097185,27.586206896551722,0.0,101.21912474103219
S053,26.30125,10/02/2025,19:31:26,chrome,False,Windows 10,1366.0,599.0,prolific,Female,26,Bachelor,True,"Business, Economics",Black,South Africa,Bisexual,In a relationship and not open to dating,Men (and heterosexual couples),2.8434000000000004,6.0,1.0,5.0,4.0,5.0,5.0,3.0,4.0,6.0,3.0,5.0,3.0,5.0,1.0,5.0,6.0,6.0,4.0,2.0,4.0,5.0,6.0,5.0,4.0,4.0,1.0,0.4683,within the last 3 days,I watched pornography once in the past 30 days,False,True,False,False,False,False,False,False,False,True,False,4.0,,4,,56.6,29.999,9.176788124156545,28.947368421052634,0.0,80.2309825564399,6.295910230120756,23.684210526315788,0.0,86.75742188934264
S054,31.0265,10/02/2025,19:33:50,chrome,False,Windows 10,1355.0,633.0,prolific,Male,32,High school,False,Prefer not to say,Black,South Africa,Heterosexual,In a relationship and open to dating,Prefer not to say,3.709416666666667,4.0,2.0,6.0,4.0,5.0,6.0,5.0,5.0,3.0,6.0,4.0,6.0,5.0,4.0,6.0,6.0,5.0,6.0,6.0,6.0,5.0,0.0,6.0,5.0,5.0,6.0,0.6132333333333333,within the last week,I watched pornography multiple times a week,False,True,True,False,False,False,True,False,False,True,False,4.0,,4,none,163.068,52.623,2.1647058823529415,9.803921568627452,0.0,63.267064057342395,3.6957766794661127,10.204081632653061,0.0,73.77048230647736
S055,16.35035,10/02/2025,19:39:52,chrome,False,Windows 10,1536.0,730.0,prolific,Male,21,Bachelor,True,"Business, Economics",South Asian,South Africa,Heterosexual,Single and not open to dating,Prefer not to say,0.8084833333333333,5.0,5.0,5.0,5.0,5.0,5.0,5.0,5.0,4.0,4.0,5.0,3.0,5.0,4.0,4.0,5.0,5.0,5.0,3.0,1.0,5.0,4.0,5.0,4.0,5.0,4.0,0.36695,within the last month,I haven't watched pornography in the past 30 days,False,False,True,False,False,False,True,False,False,False,False,,,3,,16.981,7.21,22.196046362275744,41.66666666666667,1.7857142857142856,67.24309323091141,18.798636638093832,47.16981132075472,0.0,63.60811980078987
S056,34.83105,10/02/2025,19:49:10,firefox,False,Linux,980.0,1855.0,prolific,Male,23,Bachelor,True,"Business, Economics",Black,South Africa,Heterosexual,In a relationship and not open to dating,Prefer not to say,2.95295,3.0,0.0,0.0,6.0,6.0,6.0,0.0,4.0,4.0,6.0,6.0,4.0,4.0,6.0,6.0,6.0,6.0,6.0,6.0,0.0,6.0,6.0,6.0,6.0,6.0,6.0,0.37693333333333334,within the last 3 days,I watched pornography multiple times a week,False,True,True,False,False,False,True,False,True,False,False,,,4,No,58.463,15.444,0.0,0.0,0.0,21.193464763829272,4.722222222222222,25.0,0.0,26.52967336709899
S057,21.6735,10/02/2025,20:01:12,chrome,False,Windows 10,1600.0,773.0,prolific,Female,22,High school,True,Prefer not to say,Black,South Africa,Heterosexual,Single and open to dating,Prefer not to say,2.54705,2.0,3.0,0.0,1.0,2.0,6.0,1.0,4.0,4.0,2.0,3.0,6.0,3.0,1.0,4.0,1.0,2.0,6.0,3.0,0.0,6.0,4.0,3.0,6.0,2.0,5.0,0.23396666666666668,more than a year ago,I haven't watched pornography in the past 30 days,False,True,False,False,False,False,False,False,False,False,False,,,4,,30.244,27.423,3.628031878031878,17.5,0.0,76.69915974679796,1.1635641726396124,4.545454545454546,0.0,143.74850834683906
S058,48.70941666666667,10/02/2025,23:10:33,chrome,False,Windows 10,1366.0,641.0,prolific,Female,28,Master,False,"Biology, Chemistry, Physics",Prefer not to say,Prefer not to say,Heterosexual,In a relationship and not open to dating,Prefer not to say,5.326883333333333,4.0,5.0,1.0,5.0,6.0,6.0,3.0,0.0,4.0,5.0,3.0,1.0,0.0,5.0,6.0,3.0,6.0,6.0,5.0,1.0,3.0,2.0,5.0,6.0,2.0,3.0,0.5348,within the last week,I watched pornography weekly,False,True,True,False,False,False,True,True,False,True,False,4.0,,4,,165.98,142.171,0.0,0.0,0.0,101.45217716253099,2.5384615384615388,15.384615384615385,0.0,127.34383545848225
S059,35.64475,11/02/2025,12:46:44,chrome,False,Windows 10,1536.0,730.0,prolific,Male,24,Bachelor,False,"Business, Economics",Black,South Africa,Heterosexual,Single and open to dating,Prefer not to say,3.4333,5.0,4.0,4.0,4.0,3.0,4.0,3.0,6.0,5.0,4.0,3.0,4.0,4.0,3.0,5.0,6.0,5.0,5.0,4.0,3.0,6.0,5.0,5.0,4.0,6.0,3.0,0.44021666666666665,within the last 3 days,I watched pornography weekly,False,True,True,False,False,False,True,True,False,True,False,3.0,,4,,97.823,13.035,21.768135229620214,64.51612903225806,0.0,54.96597506205427,24.907784301555157,74.19354838709677,0.0,51.808626784299065
S060,28.885466666666666,11/02/2025,12:47:02,chrome,False,Windows 10,1366.0,633.0,prolific,Female,25,High school,True,Prefer not to say,Black,South Africa,Heterosexual,In a relationship and not open to dating,Prefer not to say,1.6427,2.0,6.0,5.0,3.0,3.0,3.0,3.0,5.0,4.0,6.0,2.0,3.0,0.0,4.0,6.0,5.0,5.0,5.0,4.0,1.0,4.0,4.0,2.0,5.0,4.0,3.0,0.48059999999999997,within the last week,I haven't watched pornography in the past 30 days,False,True,False,False,True,False,False,False,False,False,False,,,4,,149.729,46.546,1.7681159420289856,6.666666666666667,0.0,79.49511057590826,8.428464599048851,21.052631578947366,0.0,129.50408769768208
S061,26.375983333333334,11/02/2025,12:48:02,chrome,False,Windows 10,1920.0,957.0,prolific,Male,30,High school,True,Prefer not to say,Black,South Africa,Heterosexual,In a relationship and not open to dating,Prefer not to say,2.8766833333333333,5.0,5.0,2.0,2.0,4.0,4.0,6.0,3.0,3.0,5.0,5.0,6.0,3.0,3.0,5.0,3.0,3.0,4.0,2.0,1.0,4.0,4.0,5.0,5.0,4.0,6.0,0.5405,within the last month,I watched pornography twice in the past 30 days,False,True,False,False,False,False,False,False,False,False,False,,,3,,161.27,40.316,3.69360902255639,22.807017543859647,0.0,116.15485258305891,1.5151515151515151,9.090909090909092,0.0,131.5552889993843
S062,38.34761666666667,11/02/2025,12:53:06,chrome,False,Windows 10,1366.0,645.0,prolific,Male,22,High school,True,Prefer not to say,Black,South Africa,Heterosexual,Single and not open to dating,Prefer not to say,2.4676,0.0,3.0,6.0,2.0,2.0,6.0,0.0,3.0,4.0,3.0,4.0,2.0,0.0,0.0,6.0,4.0,6.0,5.0,6.0,6.0,6.0,0.0,1.0,6.0,6.0,0.0,0.34436666666666665,less than 24h ago,I watched pornography multiple times a day,False,True,True,False,False,False,True,False,False,True,False,2.0,,4,"This was quite a pleasurable experience, I must say. I also have to say that if there were truly AI-generated images here, then I'm blown away by how good they look. Maybe it's because I was only able to see them for a brief second, but I absolutely couldn't tell if there were AI ones too. ",218.36,65.056,9.221082621082623,29.166666666666668,0.0,82.6000600548661,16.472705314009662,77.77777777777779,0.0,53.707729068297056
S063,28.20446666666667,11/02/2025,12:55:31,edge-chromium,False,Windows 10,1232.0,594.0,prolific,Female,31,Bachelor,False,"Business, Economics",Black,South Africa,Heterosexual,In a relationship and not open to dating,Prefer not to say,3.259266666666667,4.0,3.0,3.0,2.0,6.0,6.0,6.0,6.0,4.0,5.0,2.0,5.0,2.0,0.0,6.0,3.0,5.0,5.0,6.0,0.0,6.0,6.0,0.0,2.0,2.0,4.0,0.39815,within the last 3 days,I haven't watched pornography in the past 30 days,False,True,True,False,False,False,True,False,True,True,False,3.0,,4,,73.459,42.181,0.0,0.0,0.0,71.22769156191575,0.47619047619047616,4.761904761904762,0.0,97.11805810376762
S064,51.46978333333333,11/02/2025,12:56:21,chrome,False,Windows 10,1366.0,695.0,prolific,Female,32,Bachelor,True,"Political Science, Law",Black,South Africa,Heterosexual,In a relationship and open to dating,Prefer not to say,4.613650000000001,2.0,4.0,4.0,4.0,4.0,5.0,5.0,3.0,4.0,5.0,2.0,3.0,3.0,4.0,5.0,3.0,5.0,5.0,5.0,1.0,4.0,4.0,5.0,5.0,2.0,5.0,0.7382166666666666,within the last week,I watched pornography twice in the past 30 days,False,True,True,False,False,False,False,True,False,True,False,3.0,,4,It would be nice to slow down the speed of the pictures to have a better look at it,212.005,86.503,5.0,50.0,0.0,60.060484181391985,0.0,0.0,0.0,7.494372889041483
S065,25.9329,11/02/2025,13:03:42,chrome,False,Chrome OS,1601.0,732.0,prolific,Female,27,Bachelor,False,"Business, Economics",Black,South Africa,Heterosexual,In a relationship and not open to dating,Prefer not to say,1.9695333333333334,4.0,3.0,3.0,4.0,5.0,3.0,5.0,5.0,3.0,4.0,5.0,3.0,3.0,4.0,5.0,4.0,4.0,5.0,4.0,3.0,3.0,3.0,5.0,5.0,5.0,4.0,0.2827,within the last 3 days,I haven't watched pornography in the past 30 days,False,False,True,False,True,False,False,False,False,False,True,,4.0,3,,97.176,64.97,0.24390243902439024,2.4390243902439024,0.0,196.72808256892762,4.827796234772978,16.666666666666664,0.0,184.65334821509737
S066,45.963550000000005,11/02/2025,13:26:26,chrome,False,Windows 10,1366.0,607.0,prolific,Male,34,Other,Prefer not to say,Prefer not to say,Black,South Africa,Heterosexual,In a relationship and not open to dating,Prefer not to say,3.4893,2.0,1.0,2.0,5.0,5.0,6.0,2.0,3.0,3.0,5.0,5.0,3.0,5.0,4.0,6.0,4.0,5.0,4.0,5.0,1.0,3.0,4.0,6.0,6.0,1.0,4.0,0.48358333333333337,less than 24h ago,I watched pornography weekly,False,True,True,False,False,False,False,False,False,True,False,4.0,,4,IT WAS FUN DOING THE STUDY,97.946,23.012,0.0,0.0,0.0,64.1376988182744,0.0,0.0,0.0,92.986199077185
S067,24.856583333333333,11/02/2025,13:28:48,chrome,False,Windows 10,1536.0,730.0,prolific,Male,28,High school,True,Prefer not to say,Black,South Africa,Heterosexual,Single and open to dating,Prefer not to say,2.5945666666666667,3.0,0.0,3.0,0.0,6.0,6.0,3.0,0.0,3.0,6.0,5.0,6.0,4.0,2.0,6.0,3.0,6.0,6.0,6.0,3.0,0.0,6.0,6.0,6.0,3.0,6.0,0.46216666666666667,within the last month,I watched pornography twice in the past 30 days,False,True,False,False,False,False,True,False,False,False,False,,,4,"Great study, I really enjoyed it.",49.25,20.82,12.915930266571143,51.85185185185185,0.0,92.06717566436967,5.563716807477708,21.568627450980394,0.0,156.52180130772416
S068,32.9641,12/02/2025,09:39:21,edge-chromium,False,Windows 10,1528.0,746.0,prolific,Male,33,Bachelor,False,"Literature, Languages",Black,United Kingdom,Heterosexual,In a relationship and not open to dating,Prefer not to say,5.668516666666666,2.0,2.0,5.0,3.0,4.0,3.0,3.0,4.0,5.0,4.0,4.0,4.0,3.0,3.0,4.0,5.0,4.0,3.0,3.0,2.0,2.0,5.0,4.0,4.0,4.0,3.0,1.1564333333333332,within the last month,I haven't watched pornography in the past 30 days,False,True,True,False,False,False,True,False,False,True,False,4.0,,2,no,49.331,124.015,11.052393980012216,37.93103448275862,0.0,83.7983101886207,10.015180049078355,32.20338983050847,0.0,94.08189503949141
S069,39.935716666666664,12/02/2025,09:43:24,chrome,False,Chrome OS,1536.0,791.0,prolific,Female,41,Master,False,"Business, Economics",Black,United Kingdom,Heterosexual,In a relationship and not open to dating,Prefer not to say,3.9963333333333333,2.0,3.0,3.0,3.0,3.0,5.0,3.0,2.0,4.0,4.0,3.0,4.0,3.0,3.0,5.0,3.0,4.0,5.0,3.0,3.0,3.0,4.0,3.0,4.0,2.0,6.0,0.5839,within the last month,I haven't watched pornography in the past 30 days,False,False,True,False,False,False,True,False,False,False,False,,,3,,118.962,47.091,2.8587570621468927,11.666666666666666,0.0,118.37322464174306,1.0084745762711864,3.389830508474576,0.0,170.76279507227844
S070,30.562666666666665,12/02/2025,11:38:36,chrome,False,Windows 10,1366.0,607.0,prolific,Female,34,Bachelor,False,"Business, Economics",Black,South Africa,Heterosexual,In a relationship and not open to dating,Prefer not to say,3.0041,0.0,3.0,0.0,3.0,5.0,5.0,4.0,0.0,5.0,5.0,4.0,0.0,3.0,4.0,6.0,5.0,4.0,5.0,5.0,0.0,1.0,4.0,4.0,5.0,1.0,4.0,0.5743666666666667,less than 24h ago,I watched pornography daily,False,True,True,False,False,False,True,False,False,True,False,3.0,,4,"Nothing much, this experiment was exciting. ",80.283,37.833,6.043956043956044,46.15384615384615,0.0,68.60734706026531,4.385964912280701,22.22222222222222,0.0,80.7665468020312
S071,34.779916666666665,12/02/2025,11:39:35,chrome,False,Windows 10,683.0,689.0,prolific,Male,23,Bachelor,True,"Engineering, Computer Science",Black,South Africa,Heterosexual,In a relationship and not open to dating,Prefer not to say,3.9329666666666667,2.0,3.0,6.0,4.0,4.0,4.0,4.0,4.0,4.0,4.0,3.0,4.0,4.0,4.0,6.0,5.0,3.0,4.0,4.0,1.0,4.0,5.0,5.0,6.0,4.0,4.0,0.53725,within the last 3 days,I watched pornography twice in the past 30 days,False,True,False,True,False,False,False,False,True,True,False,4.0,,4,,100.213,42.396,6.648493220960921,19.298245614035086,0.0,113.2172739779467,1.0119047619047619,5.0,0.0,169.09422952084506
S072,33.6841,12/02/2025,11:42:07,chrome,False,Windows 10,1366.0,633.0,prolific,Female,38,Bachelor,True,"Business, Economics",Black,South Africa,Bisexual,In a relationship and not open to dating,Women (and heterosexual couples),3.4983666666666666,2.0,3.0,4.0,4.0,4.0,4.0,3.0,3.0,3.0,5.0,5.0,4.0,3.0,3.0,4.0,5.0,5.0,4.0,4.0,3.0,3.0,5.0,4.0,4.0,4.0,3.0,0.5151,less than 24h ago,I haven't watched pornography in the past 30 days,False,True,True,False,False,False,False,False,False,True,False,4.0,,3,,136.044,58.231,0.588235294117647,5.88235294117647,0.0,104.9589507723443,0.6666666666666667,6.666666666666667,0.0,138.89010016883157
S073,49.13881666666667,12/02/2025,11:43:19,chrome,False,Windows 10,1280.0,598.0,prolific,Male,35,Master,True,Medicine,Black,South Africa,Heterosexual,In a relationship and not open to dating,Prefer not to say,1.4665,5.0,3.0,6.0,0.0,3.0,4.0,3.0,6.0,6.0,3.0,5.0,6.0,4.0,1.0,4.0,6.0,4.0,2.0,5.0,5.0,4.0,6.0,4.0,6.0,4.0,4.0,0.37716666666666665,within the last week,I haven't watched pornography in the past 30 days,True,False,False,False,False,False,False,True,False,False,False,,,2,,91.192,23.97,17.899961036430938,43.333333333333336,0.0,74.55681951257887,6.131112409896747,23.728813559322035,0.0,103.49714566441726
S074,34.259699999999995,12/02/2025,11:54:27,edge-chromium,False,Windows 10,1281.0,603.0,prolific,Male,24,Master,True,"Engineering, Computer Science",Black,South Africa,Heterosexual,In a relationship and not open to dating,Prefer not to say,2.0517,4.0,4.0,2.0,5.0,4.0,5.0,4.0,5.0,4.0,6.0,3.0,4.0,3.0,5.0,6.0,3.0,6.0,4.0,6.0,2.0,4.0,6.0,6.0,6.0,5.0,6.0,0.33571666666666666,less than 24h ago,I haven't watched pornography in the past 30 days,False,True,True,False,False,False,True,False,True,False,True,,4.0,2,,185.877,36.949,2.7820763087843834,21.73913043478261,0.0,82.84616314689427,6.359656906240756,20.408163265306122,0.0,93.39188052352962
S075,37.420766666666665,13/02/2025,10:46:38,chrome,False,Windows 10,1366.0,641.0,prolific,Female,28,Bachelor,False,Arts and Humanities,Black,Prefer not to say,Heterosexual,Single and not open to dating,Prefer not to say,3.62715,2.0,2.0,2.0,1.0,5.0,5.0,3.0,2.0,0.0,1.0,1.0,4.0,1.0,0.0,5.0,0.0,5.0,6.0,1.0,1.0,4.0,3.0,1.0,3.0,4.0,2.0,0.4328,within the last week,I watched pornography twice in the past 30 days,True,False,True,False,False,False,True,False,False,False,False,,,4,Im from South Africa. The drop down was not allowing me to enter my country,167.673,36.113,17.081299447678756,43.333333333333336,0.0,82.9908732178922,2.986929736929737,12.5,0.0,88.04393133298301
S076,22.113233333333334,13/02/2025,11:21:27,chrome,False,Windows 10,1280.0,559.0,prolific,Female,27,Master,True,Other,Mixed,Prefer not to say,Heterosexual,In a relationship and not open to dating,Prefer not to say,1.7185666666666668,4.0,1.0,6.0,2.0,4.0,4.0,2.0,5.0,4.0,5.0,4.0,4.0,4.0,4.0,4.0,3.0,4.0,3.0,4.0,3.0,4.0,3.0,4.0,6.0,5.0,2.0,0.3627333333333333,within the last 3 days,I watched pornography weekly,False,True,False,False,False,False,True,False,False,True,False,3.0,,2,,80.895,30.17,9.064058265640796,23.404255319148938,0.0,134.02174077909316,1.6666666666666665,11.904761904761903,0.0,116.53418227671541
S077,24.3626,17/02/2025,07:02:03,chrome,False,Windows 10,1366.0,607.0,prolific,Male,26,High school,False,Prefer not to say,White,United States,Heterosexual,Single and open to dating,Prefer not to say,0.8827833333333334,5.0,4.0,3.0,5.0,5.0,5.0,4.0,5.0,5.0,5.0,4.0,4.0,4.0,4.0,4.0,4.0,3.0,4.0,4.0,5.0,5.0,5.0,4.0,4.0,5.0,5.0,0.5449,within the last year,I watched pornography weekly,False,True,False,False,False,False,False,False,False,False,False,,,4,it was great. thanks,5.961,23.67,10.060446659283867,36.11111111111111,0.0,72.95750635355023,2.444821403101249,13.88888888888889,0.0,132.15594381447931
S078,19.694016666666666,17/02/2025,14:57:37,chrome,False,Windows 10,1920.0,919.0,prolific,Female,26,Bachelor,False,Arts and Humanities,White,United Kingdom,Bisexual,In a relationship and not open to dating,Women (and heterosexual couples),1.91105,2.0,3.0,4.0,3.0,5.0,5.0,3.0,2.0,5.0,4.0,3.0,4.0,2.0,1.0,5.0,3.0,4.0,3.0,5.0,3.0,4.0,0.0,4.0,4.0,2.0,4.0,0.20976666666666668,less than 24h ago,I watched pornography multiple times a week,True,False,False,False,False,False,True,True,False,False,False,,,3,,31.088,22.653,25.805084745762713,75.0,0.0,36.81912030204114,21.864406779661017,55.932203389830505,0.0,56.98279264078694
S079,61.39708333333333,17/02/2025,17:34:40,chrome,False,Windows 10,1366.0,599.0,prolific,Male,33,Bachelor,False,"Business, Economics",Black,South Africa,Heterosexual,Single and open to dating,Prefer not to say,20.370716666666667,3.0,2.0,4.0,4.0,4.0,4.0,3.0,3.0,5.0,5.0,3.0,4.0,4.0,4.0,4.0,4.0,5.0,5.0,5.0,3.0,5.0,4.0,5.0,5.0,3.0,4.0,0.4738833333333333,less than 24h ago,I watched pornography weekly,False,True,False,True,False,False,True,True,False,False,False,,,4,nothing else just an interesting study.,957.414,38.322,3.333333333333333,33.33333333333333,0.0,52.445880979644585,0.0,0.0,0.0,77.90068294045473
S080,22.10193333333333,17/02/2025,17:41:43,edge-chromium,False,Mac OS,1462.0,800.0,prolific,Male,47,Bachelor,False,"Engineering, Computer Science",White,United Kingdom,Heterosexual,In a relationship and not open to dating,Prefer not to say,2.118333333333333,2.0,3.0,2.0,2.0,5.0,5.0,3.0,4.0,5.0,5.0,3.0,4.0,2.0,3.0,4.0,4.0,4.0,4.0,2.0,2.0,3.0,4.0,5.0,3.0,4.0,2.0,0.35569999999999996,less than 24h ago,I watched pornography weekly,False,True,False,False,False,False,True,False,False,False,False,,,3,,36.413,16.389,3.0395480225988702,13.559322033898304,0.0,140.10928860260614,0.0,0.0,0.0,214.71862754800918
S081,20.226083333333335,17/02/2025,18:11:40,edge-chromium,False,Windows 10,1528.0,738.0,prolific,Female,23,Bachelor,False,"Business, Economics",White,United Kingdom,Heterosexual,In a relationship and not open to dating,Prefer not to say,2.0635,4.0,3.0,2.0,3.0,5.0,6.0,6.0,2.0,2.0,4.0,2.0,2.0,2.0,2.0,6.0,3.0,5.0,5.0,5.0,3.0,4.0,6.0,4.0,4.0,1.0,6.0,0.1943,within the last month,I watched pornography twice in the past 30 days,False,True,False,False,False,False,True,True,False,True,False,4.0,,4,It was a very interesting and unique study. ,9.429,11.765,13.996201052016364,72.41379310344827,0.0,59.275369671784894,13.372009802413691,35.59322033898305,0.0,93.87857188786367
S082,19.331083333333332,17/02/2025,18:46:09,chrome,False,Windows 10,1536.0,695.0,prolific,Male,41,High school,False,Prefer not to say,White,United Kingdom,Heterosexual,Single and open to dating,Prefer not to say,0.9219,1.0,3.0,3.0,4.0,1.0,5.0,5.0,2.0,2.0,3.0,3.0,6.0,1.0,0.0,5.0,2.0,5.0,2.0,2.0,2.0,2.0,4.0,3.0,2.0,2.0,4.0,0.15311666666666665,less than 24h ago,I watched pornography once in the past 30 days,False,True,False,False,False,False,True,False,False,False,False,,,4,NO,28.952,9.1,7.843976153511258,23.52941176470588,0.0,178.81775668747628,4.481394830659537,15.625,0.0,226.6706699141974
S083,24.578566666666667,17/02/2025,19:24:48,chrome,False,Windows 10,1366.0,641.0,prolific,Female,26,Bachelor,True,"Literature, Languages",Black,South Africa,Heterosexual,In a relationship and not open to dating,Prefer not to say,1.75895,0.0,6.0,2.0,4.0,3.0,6.0,4.0,4.0,5.0,6.0,6.0,3.0,1.0,0.0,6.0,5.0,5.0,4.0,5.0,6.0,3.0,2.0,1.0,2.0,4.0,4.0,0.3053666666666667,within the last year,I watched pornography weekly,False,True,False,False,False,False,True,True,False,True,False,5.0,,4,My eyes were painful,91.012,30.008,5.166666666666666,25.0,0.0,77.66690102698979,5.246753246753247,20.0,0.0,87.97522612352329
S084,22.390233333333335,18/02/2025,15:47:02,chrome,False,Windows 10,2048.0,1030.0,prolific,Male,48,High school,False,Prefer not to say,White,United Kingdom,Heterosexual,Single and open to dating,Prefer not to say,2.435166666666667,1.0,3.0,6.0,0.0,4.0,4.0,2.0,6.0,6.0,4.0,3.0,6.0,3.0,0.0,5.0,6.0,2.0,4.0,0.0,6.0,3.0,6.0,3.0,3.0,3.0,1.0,0.31085,less than 24h ago,I watched pornography daily,False,True,False,False,False,False,True,False,False,False,False,,,4,,66.429,17.008,0.0,0.0,0.0,61.274222335112995,17.454704850964344,55.172413793103445,0.0,70.87975163670758
S085,36.1136,18/02/2025,17:24:57,chrome,False,Windows 10,1366.0,641.0,prolific,Female,28,Bachelor,False,"Literature, Languages",Black,South Africa,Heterosexual,Single and open to dating,Prefer not to say,4.172283333333334,5.0,1.0,1.0,3.0,3.0,3.0,0.0,5.0,6.0,5.0,5.0,4.0,4.0,1.0,6.0,5.0,1.0,2.0,5.0,3.0,6.0,5.0,4.0,4.0,6.0,1.0,0.8543000000000001,within the last week,I watched pornography weekly,False,True,False,True,False,False,True,True,False,True,False,4.0,,4,The experiment is very fun in a challenging manner.,183.852,51.555,4.0,20.0,0.0,112.58133645851247,0.0,0.0,0.0,96.27620744326065
S086,28.962100000000003,18/02/2025,17:25:12,chrome,False,Mac OS,1181.0,546.0,prolific,Female,25,Bachelor,True,"Biology, Chemistry, Physics",Black,South Africa,Heterosexual,In a relationship and not open to dating,Prefer not to say,1.8079166666666666,5.0,2.0,6.0,4.0,2.0,1.0,2.0,6.0,6.0,1.0,5.0,6.0,5.0,4.0,4.0,6.0,2.0,0.0,0.0,6.0,6.0,6.0,4.0,6.0,6.0,1.0,0.29323333333333335,within the last 3 days,I haven't watched pornography in the past 30 days,False,True,False,True,False,False,False,True,False,False,False,,,4,,106.944,33.223,6.929378531073446,27.11864406779661,0.0,100.91194079968152,4.881355932203389,18.64406779661017,0.0,97.19845107317022
S087,34.937466666666666,18/02/2025,17:27:00,chrome,False,Windows 10,1536.0,730.0,prolific,Female,28,Bachelor,False,Medicine,Black,South Africa,Heterosexual,In a relationship and not open to dating,Prefer not to say,3.5229833333333334,3.0,3.0,3.0,3.0,4.0,4.0,4.0,4.0,4.0,4.0,4.0,2.0,3.0,2.0,5.0,4.0,4.0,3.0,4.0,3.0,1.0,3.0,2.0,1.0,5.0,4.0,0.47723333333333334,within the last year,I haven't watched pornography in the past 30 days,False,False,True,False,False,False,True,False,False,False,False,,,4,Quite interesting and would like to know the results of the study,153.684,49.786,5.709039548022598,31.666666666666664,0.0,89.3296183316902,2.5282485875706215,8.333333333333332,0.0,121.33983772848099
S088,27.32058333333333,20/02/2025,11:46:14,chrome,True,Android OS,980.0,1493.0,prolific,Female,31,Master,True,"Engineering, Computer Science",Black,South Africa,Heterosexual,In a relationship and not open to dating,Prefer not to say,4.0934333333333335,0.0,6.0,4.0,6.0,6.0,6.0,6.0,0.0,0.0,3.0,0.0,0.0,0.0,3.0,6.0,6.0,6.0,6.0,6.0,0.0,0.0,0.0,4.0,6.0,4.0,6.0,0.4021,within the last month,I haven't watched pornography in the past 30 days,False,True,False,False,False,False,True,False,False,False,False,,,4,No. ,166.973,52.448,0.0,0.0,0.0,75.48073089658357,0.47727272727272735,2.5,0.0,89.6678265891653
S089,32.4335,20/02/2025,12:01:15,chrome,False,Windows 10,1536.0,735.0,prolific,Female,31,Bachelor,False,Other_Agricultural foresty,Black,South Africa,Heterosexual,In a relationship and not open to dating,Prefer not to say,4.22995,5.0,6.0,0.0,6.0,6.0,6.0,6.0,4.0,2.0,6.0,6.0,5.0,3.0,3.0,6.0,6.0,6.0,6.0,5.0,0.0,2.0,0.0,6.0,6.0,2.0,6.0,0.5722833333333334,within the last 3 days,I watched pornography weekly,False,True,True,False,False,False,True,False,False,False,False,,,4,Thank you i enjoyed so much,108.467,55.469,13.158751025269378,41.66666666666667,0.0,71.90924087653563,6.732026143790849,55.55555555555556,0.0,69.36367796520238
S090,23.840716666666665,20/02/2025,12:27:18,chrome,False,Linux,1294.0,620.0,prolific,Male,48,Other,Prefer not to say,Prefer not to say,White,South Africa,Heterosexual,In a relationship and not open to dating,Prefer not to say,3.9613,2.0,3.0,1.0,3.0,4.0,5.0,3.0,3.0,2.0,4.0,4.0,5.0,2.0,2.0,6.0,5.0,4.0,5.0,4.0,4.0,5.0,2.0,4.0,4.0,4.0,4.0,0.514,less than 24h ago,I watched pornography multiple times a week,False,True,True,False,False,False,True,False,False,True,False,1.0,,4,,7.611,39.313,9.315507500487044,38.333333333333336,0.0,51.40597303192592,15.618167276754127,44.06779661016949,3.508771929824561,64.8882284590545
S091,28.755916666666668,20/02/2025,16:49:19,chrome,False,Windows 10,1280.0,551.0,prolific,Female,25,Bachelor,True,"Business, Economics",Black,South Africa,Heterosexual,Single and open to dating,Prefer not to say,2.4977666666666667,2.0,4.0,5.0,1.0,2.0,3.0,3.0,5.0,4.0,1.0,2.0,6.0,2.0,3.0,3.0,5.0,5.0,2.0,4.0,6.0,6.0,6.0,4.0,4.0,5.0,2.0,0.34523333333333334,within the last month,I haven't watched pornography in the past 30 days,False,True,False,True,False,False,True,True,False,True,False,3.0,,4,,66.197,33.643,25.441699604743086,72.0,0.0,44.076869673538816,11.92637406453196,61.53846153846154,0.0,61.195396757856464
S092,31.009016666666664,20/02/2025,16:49:37,chrome,False,Windows 10,1536.0,791.0,prolific,Female,29,Bachelor,False,Arts and Humanities,Black,South Africa,Heterosexual,In a relationship and not open to dating,Prefer not to say,2.055416666666667,4.0,2.0,6.0,4.0,3.0,0.0,4.0,3.0,3.0,2.0,4.0,5.0,5.0,1.0,3.0,4.0,3.0,1.0,4.0,5.0,4.0,1.0,3.0,3.0,3.0,4.0,0.33203333333333335,more than a year ago,I haven't watched pornography in the past 30 days,True,False,True,False,False,False,False,True,False,True,False,4.0,,2,,84.121,10.128,2.542372881355932,23.728813559322035,0.0,50.56293651072845,8.74858757062147,33.33333333333333,0.0,78.10291904960144
S093,31.014316666666666,20/02/2025,17:08:56,chrome,False,Windows 10,1366.0,633.0,prolific,Male,51,Master,False,"Engineering, Computer Science",Black,South Africa,Heterosexual,In a relationship and not open to dating,Prefer not to say,2.246366666666667,1.0,6.0,5.0,5.0,6.0,6.0,6.0,5.0,6.0,5.0,3.0,1.0,1.0,5.0,5.0,5.0,5.0,5.0,5.0,5.0,2.0,5.0,4.0,6.0,1.0,6.0,0.65835,within the last 3 days,I watched pornography twice in the past 30 days,False,True,True,False,False,False,True,False,False,True,False,4.0,,4,,207.681,40.163,3.4929292929292926,21.818181818181817,0.0,58.566058191691795,6.58681860270738,22.807017543859647,0.0,68.32931170556631
S094,36.34356666666667,21/02/2025,12:11:57,chrome,False,Windows 10,1366.0,633.0,prolific,Female,40,Bachelor,False,"Literature, Languages",Black,South Africa,Heterosexual,Single and open to dating,Prefer not to say,1.9826833333333334,5.0,3.0,2.0,6.0,4.0,6.0,4.0,3.0,3.0,5.0,4.0,3.0,3.0,4.0,6.0,4.0,6.0,3.0,6.0,0.0,3.0,4.0,3.0,6.0,3.0,5.0,0.3826333333333333,within the last week,I watched pornography multiple times a week,False,True,True,False,False,False,False,False,False,False,False,,,4,this study was very interesting.,73.399,23.568,1.2916666666666667,6.666666666666667,0.0,112.1683746975272,0.8655462184873949,2.941176470588235,0.0,215.03269280011995
S095,21.630083333333335,21/02/2025,12:15:19,edge-chromium,False,Windows 10,759.0,698.0,prolific,Female,20,High school,True,Prefer not to say,Black,South Africa,Heterosexual,Single and open to dating,Prefer not to say,1.1192166666666667,5.0,4.0,5.0,3.0,4.0,4.0,4.0,5.0,4.0,3.0,5.0,3.0,1.0,3.0,6.0,3.0,3.0,4.0,4.0,5.0,4.0,4.0,4.0,4.0,4.0,5.0,0.32575000000000004,more than a year ago,I haven't watched pornography in the past 30 days,False,True,True,True,False,False,False,False,False,False,False,,,4,,14.191,16.672,0.0,0.0,0.0,152.8857478825856,1.4226115978306215,5.88235294117647,0.0,298.7873666157062
S096,44.28648333333333,21/02/2025,12:24:12,chrome,False,Windows 10,1366.0,607.0,prolific,Male,44,Bachelor,False,"Engineering, Computer Science",Black,South Africa,Heterosexual,In a relationship and not open to dating,Prefer not to say,4.945116666666666,0.0,4.0,4.0,3.0,5.0,4.0,4.0,2.0,6.0,3.0,6.0,6.0,3.0,3.0,4.0,6.0,6.0,5.0,6.0,6.0,0.0,6.0,6.0,4.0,6.0,6.0,0.8841,less than 24h ago,I watched pornography multiple times a week,False,True,True,False,False,False,True,False,False,True,False,5.0,,4,,366.871,98.796,9.5515873015873,28.57142857142857,0.0,128.95202992307154,8.61111111111111,25.0,0.0,76.65277760933307
S097,28.96145,24/02/2025,08:16:52,chrome,False,Windows 10,1920.0,893.0,prolific,Other,31,Bachelor,False,"Literature, Languages",Hispanic/Latino,United States,Homosexual,Single and open to dating,Only men (and gay couples),1.39345,2.0,2.0,5.0,2.0,4.0,4.0,1.0,6.0,6.0,1.0,4.0,5.0,4.0,1.0,2.0,6.0,2.0,0.0,0.0,6.0,4.0,5.0,4.0,1.0,6.0,3.0,0.14966666666666667,less than 24h ago,I watched pornography multiple times a week,False,True,False,False,False,False,True,True,False,True,False,4.0,,4,,32.796,9.172,7.745762711864407,28.8135593220339,0.0,61.69003029343533,16.157694792211387,40.67796610169492,0.0,97.88221272455209
S098,39.93501666666667,24/02/2025,14:33:20,chrome,False,Windows 10,1366.0,633.0,prolific,Male,32,Bachelor,False,"Business, Economics",Black,South Africa,Heterosexual,In a relationship and not open to dating,Prefer not to say,3.6854,4.0,0.0,4.0,0.0,4.0,4.0,0.0,5.0,6.0,2.0,5.0,6.0,4.0,5.0,6.0,6.0,5.0,3.0,0.0,4.0,0.0,6.0,6.0,6.0,6.0,5.0,0.58445,within the last 3 days,I watched pornography twice in the past 30 days,True,False,False,False,False,False,True,True,False,True,False,2.0,,4,Nothing at the moment.,138.763,48.023,9.426704014939308,38.23529411764706,0.0,88.97163885061184,7.2546355498721224,50.0,0.0,90.06223839020764
S099,19.488933333333332,24/02/2025,15:40:10,chrome,False,Windows 10,1920.0,919.0,prolific,Male,63,High school,False,Prefer not to say,White,United Kingdom,Bisexual,In a relationship and not open to dating,Women (and heterosexual couples),1.5273833333333333,0.0,5.0,6.0,3.0,5.0,6.0,3.0,6.0,6.0,1.0,4.0,6.0,1.0,0.0,3.0,5.0,4.0,4.0,6.0,6.0,0.0,3.0,1.0,0.0,4.0,3.0,0.3345,more than a year ago,I haven't watched pornography in the past 30 days,False,True,False,False,False,False,True,False,False,False,False,,,4,,57.574,26.147,15.921023359288096,55.172413793103445,0.0,88.74740809233788,3.7257799671592777,26.666666666666668,0.0,121.71301815480149
S100,20.615583333333333,24/02/2025,16:46:48,chrome,False,Windows 10,1397.0,621.0,prolific,Female,29,Doctorate,Prefer not to say,"Biology, Chemistry, Physics",White,United Kingdom,Bisexual,In a relationship and not open to dating,Men (and heterosexual couples),1.3931166666666668,4.0,2.0,5.0,1.0,2.0,4.0,4.0,4.0,5.0,4.0,3.0,5.0,4.0,0.0,5.0,6.0,4.0,2.0,1.0,4.0,4.0,4.0,2.0,1.0,2.0,5.0,0.20873333333333333,less than 24h ago,I watched pornography weekly,True,False,False,False,False,False,True,False,False,True,False,4.0,,3,NA,74.997,16.388,5.392025518341308,36.36363636363637,0.0,71.86660367884583,8.787878787878787,54.54545454545454,0.0,62.69890595882136
S101,28.97556666666667,25/02/2025,11:37:17,firefox,False,Windows 10,1366.0,643.0,prolific,Female,60,High school,False,Prefer not to say,White,United Kingdom,Heterosexual,Single and open to dating,Prefer not to say,3.0631333333333335,3.0,6.0,3.0,3.0,2.0,4.0,6.0,3.0,3.0,3.0,1.0,3.0,0.0,0.0,2.0,4.0,3.0,3.0,3.0,1.0,3.0,3.0,1.0,0.0,3.0,3.0,0.27923333333333333,less than 24h ago,I haven't watched pornography in the past 30 days,False,True,False,False,False,False,True,False,False,False,False,,,2,,130.815,50.371,20.0,100.0,0.0,0.7761150498715482,20.0,100.0,0.0,0.20001594324208574
S102,17.90715,25/02/2025,12:44:18,chrome,False,Windows 10,3840.0,1890.0,prolific,Male,32,High school,False,Prefer not to say,White,United Kingdom,Heterosexual,In a relationship and not open to dating,Prefer not to say,1.5385,4.0,2.0,4.0,3.0,3.0,4.0,3.0,4.0,4.0,4.0,4.0,3.0,4.0,1.0,5.0,4.0,4.0,4.0,4.0,5.0,4.0,3.0,2.0,1.0,4.0,3.0,0.24756666666666666,less than 24h ago,I watched pornography daily,False,True,False,False,False,False,False,True,False,False,False,,,4,,63.059,23.005,3.0625365283459964,23.728813559322035,0.0,56.43037407917253,6.610169491525424,45.76271186440678,0.0,74.4707691318497
S103,23.29785,25/02/2025,16:14:30,chrome,False,Windows 10,1920.0,919.0,prolific,Male,47,High school,False,Prefer not to say,White,United Kingdom,Heterosexual,Single and open to dating,Prefer not to say,3.933883333333333,3.0,4.0,4.0,3.0,4.0,4.0,3.0,4.0,5.0,4.0,3.0,5.0,2.0,2.0,4.0,5.0,2.0,3.0,4.0,5.0,4.0,4.0,3.0,3.0,4.0,5.0,0.3497833333333333,within the last week,I watched pornography weekly,False,True,False,False,False,False,True,False,False,False,False,,,4,,48.426,18.626,2.3615819209039546,16.94915254237288,0.0,141.9465242028537,0.6751412429378532,5.084745762711865,0.0,190.40402751607402
S104,34.05988333333333,25/02/2025,16:47:17,chrome,False,Windows 10,1366.0,641.0,prolific,Male,38,High school,False,Prefer not to say,White,United Kingdom,Heterosexual,In a relationship and not open to dating,Prefer not to say,1.73775,2.0,3.0,6.0,1.0,6.0,6.0,4.0,5.0,4.0,3.0,4.0,6.0,2.0,1.0,6.0,6.0,2.0,4.0,2.0,5.0,4.0,5.0,4.0,6.0,2.0,2.0,0.27263333333333334,within the last 3 days,I watched pornography multiple times a week,False,True,False,False,False,False,False,False,False,False,False,,,4,,45.31,15.202,0.0,0.0,0.0,62.013524633115004,0.0,0.0,0.0,71.35971279620159
S105,23.408716666666667,25/02/2025,16:59:32,chrome,False,Chrome OS,1366.0,633.0,prolific,Female,27,Bachelor,False,"Psychology, Neuroscience",White,United Kingdom,Heterosexual,In a relationship and not open to dating,Prefer not to say,1.3617833333333331,4.0,5.0,4.0,2.0,6.0,6.0,4.0,5.0,4.0,4.0,2.0,5.0,2.0,0.0,4.0,6.0,6.0,4.0,6.0,4.0,1.0,4.0,2.0,3.0,3.0,4.0,0.20165,within the last 3 days,I watched pornography twice in the past 30 days,True,False,False,False,False,False,True,True,False,True,False,2.0,,3,,53.695,16.438,2.43931475029036,9.75609756097561,0.0,92.5050546825842,2.639063729346971,17.5,0.0,108.35682312018321
S106,24.079616666666666,26/02/2025,05:44:26,chrome,False,Windows 10,1280.0,593.0,prolific,Female,63,High school,False,Prefer not to say,White,United States,Heterosexual,Single and not open to dating,Prefer not to say,2.453883333333333,0.0,6.0,3.0,1.0,6.0,6.0,4.0,1.0,1.0,3.0,4.0,4.0,2.0,3.0,6.0,4.0,6.0,6.0,4.0,2.0,1.0,1.0,4.0,6.0,3.0,6.0,0.22821666666666665,more than a year ago,I haven't watched pornography in the past 30 days,False,True,False,False,False,False,False,False,False,True,False,3.0,,2,,135.262,35.051,4.706214689265536,16.94915254237288,0.0,65.24212733344275,4.2090395480225995,20.33898305084746,0.0,114.30924040651345
S107,31.372633333333333,26/02/2025,11:42:13,chrome,False,Windows 10,1536.0,730.0,prolific,Male,41,High school,False,Prefer not to say,White,United Kingdom,Heterosexual,Single and open to dating,Prefer not to say,3.5489166666666665,0.0,3.0,1.0,4.0,6.0,6.0,4.0,2.0,5.0,6.0,1.0,2.0,3.0,2.0,6.0,4.0,6.0,6.0,5.0,1.0,6.0,6.0,3.0,5.0,5.0,4.0,0.25005,less than 24h ago,I watched pornography daily,False,True,False,False,False,False,True,False,False,False,False,,,4,excellent brilliant study,215.195,41.038,11.254237288135593,55.00000000000001,0.0,60.28797015178018,0.6779661016949153,5.084745762711865,0.0,68.32338966569947
S108,22.861083333333333,26/02/2025,12:22:18,edge-chromium,False,Windows 10,1528.0,738.0,prolific,Male,18,High school,True,Prefer not to say,South Asian,United Kingdom,Heterosexual,Single and open to dating,Prefer not to say,1.9245166666666667,4.0,2.0,4.0,3.0,2.0,5.0,3.0,2.0,3.0,4.0,5.0,5.0,3.0,2.0,6.0,4.0,6.0,4.0,4.0,2.0,6.0,5.0,2.0,6.0,5.0,2.0,0.16624999999999998,less than 24h ago,I watched pornography multiple times a week,False,True,False,False,False,False,False,False,False,True,False,3.0,,4,,115.814,14.08,1.3620689655172415,8.620689655172415,0.0,136.36930742753788,4.364601597506332,21.666666666666668,0.0,140.44592879333186
S109,16.132783333333332,26/02/2025,12:45:41,chrome,False,Mac OS,1440.0,788.0,prolific,Female,31,High school,False,Prefer not to say,Southeast Asian,United Kingdom,Heterosexual,In a relationship and not open to dating,Prefer not to say,1.6982666666666666,2.0,4.0,2.0,4.0,5.0,5.0,4.0,4.0,5.0,4.0,4.0,5.0,2.0,3.0,4.0,5.0,4.0,4.0,4.0,4.0,3.0,2.0,4.0,6.0,4.0,4.0,0.25251666666666667,within the last week,I watched pornography weekly,True,False,True,False,False,False,True,False,True,False,False,,,4,,60.001,17.453,8.381063705435418,44.827586206896555,0.0,67.74427126038083,0.8361581920903955,6.666666666666667,0.0,93.58780133565985
S110,17.1703,26/02/2025,13:34:46,safari,False,Mac OS,1440.0,820.0,prolific,Female,27,High school,False,Prefer not to say,White,United Kingdom,Heterosexual,In a relationship and not open to dating,Prefer not to say,1.3552166666666667,4.0,3.0,3.0,0.0,3.0,5.0,0.0,6.0,3.0,6.0,6.0,5.0,5.0,0.0,6.0,6.0,6.0,4.0,6.0,5.0,6.0,5.0,6.0,6.0,6.0,3.0,0.21991666666666668,within the last month,I watched pornography once in the past 30 days,False,True,False,False,False,False,False,True,False,False,False,,,4,,51.536,20.503,2.352941176470588,20.588235294117645,0.0,113.6647222748787,2.5798319327731094,22.857142857142858,0.0,153.85428186416522
S111,32.172066666666666,26/02/2025,13:35:03,edge-chromium,False,Windows 10,1488.0,786.0,prolific,Female,52,Bachelor,False,"Engineering, Computer Science",White,United Kingdom,Heterosexual,In a relationship and not open to dating,Prefer not to say,3.5124666666666666,1.0,2.0,5.0,3.0,5.0,5.0,1.0,4.0,6.0,4.0,3.0,4.0,3.0,0.0,5.0,6.0,4.0,2.0,2.0,2.0,1.0,4.0,3.0,2.0,5.0,3.0,0.50635,less than 24h ago,I haven't watched pornography in the past 30 days,False,True,False,False,False,False,True,False,False,False,False,,,3,,80.904,35.346,9.359826030194235,25.423728813559322,0.0,73.32589433028642,7.469059850092795,22.807017543859647,0.0,113.70700331678893
S112,19.368,26/02/2025,13:39:15,chrome,False,Linux,2048.0,1007.0,prolific,Male,39,High school,False,Prefer not to say,White,United Kingdom,Heterosexual,In a relationship and not open to dating,Prefer not to say,1.5527833333333334,1.0,5.0,2.0,0.0,4.0,5.0,5.0,1.0,5.0,3.0,2.0,5.0,1.0,0.0,2.0,5.0,1.0,0.0,1.0,1.0,3.0,3.0,1.0,0.0,3.0,2.0,0.14575,within the last year,I watched pornography twice in the past 30 days,False,True,False,False,False,False,True,False,False,False,False,,,4,,52.697,14.561,2.0338983050847457,13.559322033898304,0.0,116.55635921282676,5.6049094097019285,23.728813559322035,0.0,127.60489129433108
S113,29.494366666666668,26/02/2025,13:42:35,chrome,False,Windows 10,1600.0,731.0,prolific,Female,26,Master,True,"Engineering, Computer Science",White,United Kingdom,Bisexual,In a relationship and not open to dating,Men (and heterosexual couples),3.4894666666666665,3.0,3.0,0.0,6.0,6.0,5.0,2.0,2.0,4.0,5.0,6.0,5.0,2.0,2.0,6.0,0.0,5.0,4.0,5.0,0.0,2.0,5.0,6.0,6.0,5.0,3.0,0.20468333333333336,within the last week,I watched pornography weekly,True,False,False,False,False,False,False,True,False,False,False,,,4,Are you doing any more like this? I enjoyed it,71.168,56.757,2.0338983050847457,10.16949152542373,0.0,88.13452064355246,6.604812000779272,22.033898305084744,0.0,111.17488875840961
S114,17.131183333333336,26/02/2025,14:08:48,edge-chromium,False,Windows 10,1392.0,774.0,prolific,Male,24,Bachelor,False,Other,White,United Kingdom,Heterosexual,In a relationship and not open to dating,Prefer not to say,1.14615,5.0,3.0,5.0,2.0,4.0,4.0,2.0,4.0,5.0,3.0,5.0,6.0,4.0,4.0,4.0,6.0,4.0,4.0,4.0,5.0,5.0,5.0,4.0,5.0,5.0,4.0,0.2252333333333333,within the last 3 days,I haven't watched pornography in the past 30 days,True,False,False,False,False,False,True,False,False,True,False,4.0,,3,,15.294,10.015,12.57028641378206,44.230769230769226,0.0,124.49680241190845,9.295534645644109,28.000000000000004,0.0,108.86719241193956
S115,29.750733333333336,26/02/2025,14:28:53,edge-chromium,False,Windows 10,1528.0,738.0,prolific,Male,61,High school,False,Prefer not to say,White,Ireland,Heterosexual,Single and open to dating,Prefer not to say,2.890233333333333,2.0,3.0,2.0,4.0,6.0,6.0,5.0,4.0,1.0,5.0,2.0,4.0,2.0,1.0,5.0,2.0,5.0,4.0,5.0,2.0,4.0,3.0,3.0,2.0,2.0,5.0,0.4013333333333333,within the last year,I watched pornography multiple times a week,False,True,False,False,False,False,True,False,False,True,False,3.0,,4,No,148.327,35.179,6.871584279225241,22.807017543859647,0.0,87.21085586855709,7.522630729365789,23.728813559322035,0.0,99.03805959706037
S116,40.640483333333336,28/02/2025,10:24:39,chrome,False,Windows 10,1920.0,929.0,prolific,Male,22,High school,False,Prefer not to say,Black,United States,Heterosexual,Single and open to dating,Prefer not to say,0.6553833333333333,3.0,2.0,6.0,2.0,4.0,3.0,2.0,3.0,5.0,3.0,4.0,4.0,2.0,2.0,5.0,3.0,3.0,2.0,5.0,6.0,5.0,2.0,5.0,5.0,4.0,4.0,0.36315000000000003,within the last 3 days,I haven't watched pornography in the past 30 days,False,True,False,False,False,False,False,False,False,False,False,,,2,,34.155,17.714,8.214285714285714,28.57142857142857,0.0,195.87883733178313,7.5,25.0,0.0,220.1535125846521
S117,28.46558333333333,28/02/2025,10:31:44,edge-chromium,False,Windows 10,1311.0,644.0,prolific,Male,36,Bachelor,False,"Engineering, Computer Science",Black,United States,Bisexual,In a relationship and not open to dating,Women (and heterosexual couples),2.2239,2.0,3.0,5.0,1.0,1.0,5.0,2.0,4.0,6.0,4.0,4.0,6.0,2.0,2.0,4.0,6.0,4.0,5.0,3.0,3.0,5.0,5.0,4.0,3.0,3.0,3.0,0.41486666666666666,within the last week,I watched pornography multiple times a week,False,True,False,False,False,False,True,True,False,False,False,,,4,,77.8,13.742,0.2272727272727273,2.272727272727273,0.0,99.98047844414654,3.561109072103033,23.52941176470588,0.0,97.64875374374279
S118,30.745,28/02/2025,10:39:26,chrome,False,Mac OS,1470.0,798.0,prolific,Female,31,Bachelor,False,Medicine,Black,United Kingdom,Heterosexual,In a relationship and not open to dating,Prefer not to say,4.814216666666667,6.0,1.0,6.0,3.0,5.0,4.0,2.0,4.0,6.0,5.0,3.0,6.0,4.0,3.0,5.0,6.0,5.0,0.0,4.0,1.0,5.0,3.0,2.0,6.0,6.0,0.0,0.32091666666666663,within the last 3 days,I haven't watched pornography in the past 30 days,True,False,False,False,False,False,False,False,False,True,False,4.0,,2,,118.282,29.879,1.0084745762711864,5.0,0.0,146.13833057244804,2.8559322033898304,15.0,0.0,153.75466933088032
S119,34.872166666666665,28/02/2025,11:15:19,chrome,False,Windows 10,1280.0,585.0,prolific,Male,44,High school,False,Prefer not to say,White,United Kingdom,Heterosexual,Single and open to dating,Prefer not to say,5.2958,3.0,6.0,0.0,3.0,4.0,5.0,6.0,2.0,0.0,6.0,3.0,3.0,0.0,0.0,6.0,3.0,4.0,5.0,5.0,0.0,0.0,3.0,0.0,1.0,3.0,3.0,0.4822166666666667,less than 24h ago,I watched pornography multiple times a week,False,True,False,False,False,False,False,False,False,False,False,,,4,filthy yet satisfying thank you,165.022,58.952,1.6776315789473686,10.526315789473683,0.0,85.76608036991912,5.038391433128275,14.285714285714285,0.0,71.69824608153576
S120,22.58255,28/02/2025,15:19:53,safari,False,Mac OS,1424.0,665.0,prolific,Female,46,High school,False,Prefer not to say,White,Ireland,Heterosexual,In a relationship and not open to dating,Prefer not to say,1.6644166666666667,1.0,5.0,5.0,4.0,5.0,6.0,5.0,1.0,5.0,4.0,1.0,6.0,0.0,0.0,5.0,6.0,4.0,4.0,2.0,2.0,2.0,6.0,2.0,2.0,3.0,3.0,0.2858,within the last week,I haven't watched pornography in the past 30 days,False,True,False,False,False,False,True,False,False,True,False,4.0,,2,,116.699,37.561,3.927527761542957,13.793103448275861,0.0,124.30252118370541,3.0742255990648744,8.620689655172415,0.0,130.10770446477014
S121,40.260133333333336,28/02/2025,16:00:14,chrome,False,Mac OS,1440.0,778.0,prolific,Male,63,High school,False,Prefer not to say,Other_Maori,United Kingdom,Heterosexual,In a relationship and not open to dating,Prefer not to say,2.8547166666666666,2.0,6.0,4.0,0.0,4.0,5.0,4.0,4.0,0.0,5.0,0.0,5.0,0.0,0.0,5.0,3.0,5.0,3.0,3.0,2.0,5.0,4.0,3.0,0.0,5.0,3.0,0.62905,within the last 3 days,I haven't watched pornography in the past 30 days,False,True,False,False,False,False,False,False,False,True,False,0.0,,4,,204.419,45.697,4.2175141242937855,16.94915254237288,0.0,91.01602610114335,4.056497175141243,15.254237288135593,0.0,104.62324502676809
S122,29.42305,28/02/2025,22:11:02,chrome,False,Mac OS,1470.0,797.0,prolific,Other,22,High school,False,Prefer not to say,White,Australia,Homosexual,Single and open to dating,Only women (and lesbian couples),2.3846,1.0,3.0,5.0,3.0,5.0,5.0,1.0,1.0,5.0,3.0,2.0,5.0,2.0,0.0,4.0,0.0,5.0,4.0,2.0,3.0,4.0,1.0,4.0,1.0,4.0,3.0,0.29624999999999996,less than 24h ago,I watched pornography weekly,False,True,False,False,False,False,True,False,False,False,False,,,4,"It was an interesting study. In the few seconds given to view the image, it definitely proved to be quite difficult differentiating between possible AI vs possible human images. I am interested to see where this study might lead!",89.047,18.992,15.494350282485874,77.96610169491525,0.0,58.678817807227006,9.27683615819209,27.11864406779661,0.0,125.11900494062559
S123,19.944466666666663,03/03/2025,10:32:14,chrome,False,Windows 10,1707.0,898.0,prolific,Female,30,Bachelor,False,"Biology, Chemistry, Physics",White,United States,Bisexual,Single and open to dating,Women (and heterosexual couples),1.1864333333333335,5.0,1.0,6.0,0.0,5.0,5.0,3.0,6.0,6.0,1.0,4.0,6.0,4.0,2.0,1.0,6.0,4.0,4.0,0.0,6.0,5.0,6.0,2.0,0.0,6.0,5.0,0.18946666666666667,less than 24h ago,I watched pornography twice in the past 30 days,False,False,False,False,True,False,False,False,False,False,False,,,4,,38.192,7.622,13.420903954802261,76.66666666666667,0.0,93.10452865712159,16.26271186440678,41.66666666666667,0.0,115.70635469486133
S124,33.417183333333334,03/03/2025,11:09:24,chrome,False,Windows 10,1536.0,703.0,prolific,Other,32,Bachelor,False,Arts and Humanities,White,United Kingdom,Bisexual,In a relationship and not open to dating,Men (and heterosexual couples),1.7313333333333332,3.0,2.0,5.0,1.0,3.0,4.0,3.0,4.0,4.0,3.0,4.0,5.0,4.0,0.0,3.0,4.0,4.0,4.0,2.0,5.0,5.0,5.0,3.0,1.0,4.0,4.0,0.6781,within the last week,I haven't watched pornography in the past 30 days,False,False,False,False,False,False,False,False,False,False,False,,,3,,17.669,12.942,1.8595572068687205,11.666666666666666,0.0,127.70066642080346,1.8502824858757063,6.779661016949152,0.0,216.87807168665526
S125,37.46641666666667,03/03/2025,11:23:47,chrome,False,Mac OS,1800.0,1038.0,prolific,Male,23,Master,True,"Business, Economics",South Asian,United Kingdom,Heterosexual,Single and open to dating,Prefer not to say,3.8747166666666666,6.0,2.0,6.0,6.0,6.0,4.0,2.0,4.0,5.0,6.0,5.0,6.0,6.0,6.0,6.0,5.0,5.0,6.0,5.0,6.0,6.0,6.0,6.0,6.0,5.0,6.0,0.4087166666666667,within the last 3 days,I haven't watched pornography in the past 30 days,False,False,False,False,True,False,False,True,True,False,False,,,3,no,18.993,19.928,6.607344632768362,25.423728813559322,0.0,136.48289997196093,6.892752776154294,35.0,0.0,136.03987621968272
S126,22.56045,03/03/2025,11:57:39,chrome,False,Windows 10,1280.0,559.0,prolific,Male,26,Bachelor,True,"Engineering, Computer Science",South Asian,United Kingdom,Heterosexual,Single and open to dating,Prefer not to say,1.77915,0.0,3.0,3.0,4.0,4.0,5.0,4.0,3.0,0.0,5.0,1.0,1.0,1.0,2.0,5.0,1.0,6.0,5.0,5.0,2.0,5.0,1.0,4.0,6.0,3.0,5.0,0.2905833333333333,more than a year ago,I haven't watched pornography in the past 30 days,False,False,False,False,False,False,True,False,False,True,False,3.0,,3,,48.541,50.456,28.229220779220782,80.0,0.0,54.89399648512805,3.4690008920606603,12.5,0.0,111.59124164724957
S127,27.914983333333332,03/03/2025,22:10:51,safari,False,Mac OS,1440.0,707.0,prolific,Female,22,Bachelor,True,Other,White,Australia,Heterosexual,In a relationship and not open to dating,Prefer not to say,2.1813,4.0,4.0,3.0,3.0,2.0,4.0,4.0,2.0,3.0,4.0,4.0,5.0,2.0,1.0,5.0,5.0,3.0,3.0,3.0,3.0,5.0,5.0,3.0,4.0,3.0,4.0,0.14538333333333334,within the last 3 days,I haven't watched pornography in the past 30 days,False,False,False,False,False,False,False,True,False,False,False,,,4,"This was a lot of fun! Thanks for including a break time, it was really helpful",50.119,34.817,7.413793103448276,31.03448275862069,0.0,122.29091351806656,1.8966542598459912,8.620689655172415,0.0,186.79293948838745
S128,21.243833333333335,04/03/2025,14:01:48,chrome,False,Mac OS,1361.0,1121.0,prolific,Male,50,Master,False,"Business, Economics",White,United Kingdom,Heterosexual,Single and open to dating,Prefer not to say,1.5244333333333333,0.0,5.0,3.0,1.0,5.0,6.0,5.0,3.0,1.0,6.0,1.0,3.0,1.0,3.0,6.0,1.0,6.0,5.0,6.0,4.0,1.0,2.0,4.0,5.0,1.0,6.0,0.2543666666666667,within the last 3 days,I haven't watched pornography in the past 30 days,False,False,False,False,False,False,True,False,False,False,False,,,4,N/A - thanks,49.985,34.912,6.144216473386857,33.89830508474576,0.0,163.00598408795494,0.8361581920903955,5.0,0.0,168.1081359119658
S129,27.0881,04/03/2025,14:10:10,chrome,False,Windows 10,1536.0,730.0,prolific,Female,42,Other,Prefer not to say,Prefer not to say,White,United Kingdom,Heterosexual,In a relationship and not open to dating,Prefer not to say,2.2961,3.0,4.0,6.0,2.0,3.0,6.0,3.0,3.0,6.0,3.0,2.0,5.0,0.0,2.0,3.0,6.0,2.0,5.0,3.0,3.0,2.0,5.0,3.0,0.0,6.0,3.0,0.3236166666666667,within the last month,I haven't watched pornography in the past 30 days,False,False,False,False,False,False,True,False,False,False,False,,,2,,33.667,26.11,5.1020408163265305,30.612244897959183,0.0,106.22496175215838,2.317460317460317,14.285714285714285,0.0,104.77367365269473
S130,22.12088333333333,04/03/2025,14:23:07,firefox,False,Mac OS,1280.0,672.0,prolific,Male,39,High school,False,Prefer not to say,White,United Kingdom,Homosexual,In a relationship and not open to dating,Prefer not to say,1.59585,1.0,1.0,6.0,2.0,0.0,1.0,1.0,4.0,6.0,0.0,4.0,6.0,3.0,0.0,0.0,6.0,2.0,0.0,6.0,6.0,6.0,6.0,1.0,1.0,5.0,1.0,0.20158333333333334,less than 24h ago,I watched pornography multiple times a day,False,False,False,False,False,False,False,True,False,False,False,,,4,,36.047,20.384,20.0,100.0,0.0,4.724617583639748,20.0,100.0,0.0,11.285874169846922
S131,25.120683333333332,04/03/2025,14:32:32,chrome,False,Windows 10,1280.0,585.0,prolific,Female,27,Master,False,"Engineering, Computer Science",Black,United Kingdom,Heterosexual,In a relationship and not open to dating,Prefer not to say,1.8137833333333333,0.0,1.0,0.0,2.0,1.0,4.0,0.0,4.0,4.0,4.0,4.0,4.0,4.0,1.0,4.0,5.0,3.0,4.0,4.0,3.0,2.0,4.0,5.0,4.0,5.0,5.0,0.31344999999999995,within the last week,I haven't watched pornography in the past 30 days,False,False,False,False,False,False,False,False,False,False,False,,,2,,42.899,39.175,6.323066541318189,22.033898305084744,0.0,114.55371455046381,2.558605382538755,5.357142857142857,0.0,179.4196951368558
S132,22.16593333333333,04/03/2025,14:39:24,edge-chromium,False,Windows 10,1912.0,920.0,prolific,Male,50,Bachelor,False,"Engineering, Computer Science",White,United Kingdom,Heterosexual,In a relationship and not open to dating,Prefer not to say,1.5806333333333333,4.0,1.0,6.0,0.0,4.0,3.0,1.0,6.0,6.0,3.0,5.0,6.0,5.0,1.0,2.0,6.0,1.0,0.0,1.0,5.0,5.0,6.0,3.0,2.0,6.0,0.0,0.30988333333333334,within the last month,I watched pornography weekly,False,False,False,False,False,False,False,False,False,False,False,,,4,Nothing thank you.,33.591,34.277,2.142857142857143,21.428571428571427,0.0,148.67428386896438,1.3916256157635467,6.896551724137931,0.0,138.3361515370154
