Participant,Experimenter,Experiment_Duration,Language,Date,Time,Browser,Mobile,Platform,Screen_Width,Screen_Height,Sex,Age,Country,Language_Level,AI_Knowledge,Education,Ethnicity,BirthControl,BAIT_Duration,GAAIS_Negative_15,BAIT_8_TextIssues,BAIT_2_ImagesIssues,GAAIS_Positive_12,BAIT_1_ImagesRealistic,GAAIS_Positive_7,BAIT_3_VideosRealistic,GAAIS_Negative_10,BAIT_4_VideosIssues,BAIT_5_ImitatingReality,GAAIS_Negative_9,BAIT_7_TextRealistic,BAIT_6_EnvironmentReal,GAAIS_Positive_17,COPS_Duration,COPS_Frequency_2,COPS_Duration_1,SexualActivity,SexualOrientation,Feedback_Boring,Feedback_Fun,Feedback_CouldDiscriminate,Feedback_CouldNotDiscriminate,Feedback_AIMoreArousing,Feedback_AILessArousing,Feedback_LabelsIncorrect,Feedback_LabelsReversed,Feedback_Arousing,Feedback_NoFeels,Feedback_Comments
S001,Experimenter1,42.71563333333334,en,19/01/2024,15:41:44,ios,True,iOS,980.0,1669.0,Female,21,Norway,6,4,Bachelor,Caucasian,Intrauterine Device (IUD),1.88495,0.77,0.8,0.69,0.67,0.76,0.59,0.66,0.65,0.72,0.68,0.66,0.36,0.78,0.66,0.5025999999999999,0. I haven't viewed pornography in the past 30 days,2. 6-15 minutes,1. Less than 24h ago,Heterosexual,False,True,False,False,True,False,False,False,False,True,
S002,Experimenter1,39.53725,en,19/01/2024,17:06:34,edge-chromium,False,Windows 10,1488.0,742.0,Female,21,Italy,5,3,High School,Caucasian,No,1.6370899999996027,0.96,0.7,0.18,0.24,0.98,0.67,0.02,0.79,0.96,0.82,0.97,0.4,0.89,0.03,0.9510666666666666,0. I haven't viewed pornography in the past 30 days,2. 6-15 minutes,3. within the last week,Heterosexual,False,True,False,False,False,True,True,False,False,False,
S003,Experimenter1,58.17263333333334,en,19/01/2024,20:05:46,yandexbrowser,False,Windows 10,1536.0,740.0,Female,23,Turkey,4,3,Bachelor,Turkish,No,1.8268583333333335,0.77,0.59,0.26,0.9,0.69,1.0,0.78,0.23,0.83,0.36,0.0,1.0,1.0,1.0,1.5855166666666667,2. I viewed pornography twice in the past 30 days,2. 6-15 minutes,4. Within the last month,Heterosexual,True,False,False,False,False,False,False,False,False,False,
S004,Experimenter1,18.953966666666666,en,19/01/2024,16:30:10,chrome,True,Android OS,980.0,1924.0,Female,22,Italy,4,6,Bachelor,,No,1.357526666667064,0.68,0.52,0.27,0.39,0.74,0.19,0.34,0.56,0.7,0.72,0.76,0.61,0.41,0.52,0.6544833333333333,1. I viewed pornography once in the past 30 days,2. 6-15 minutes,3. within the last week,Heterosexual,False,False,True,False,True,False,False,False,False,False,
S005,Experimenter1,23.883249999999997,en,20/01/2024,12:47:16,chrome,False,Mac OS,1440.0,779.0,Female,20,UK,6,5,Bachelor,Asian,Combined pills,1.1252466666668652,0.94,0.71,0.6,0.7,0.9,0.7,0.58,0.89,0.7,0.83,0.75,0.23,0.67,0.69,0.798,0. I haven't viewed pornography in the past 30 days,2. 6-15 minutes,5. Within the last year,Heterosexual,False,True,False,True,False,False,False,False,False,True,
S006,Experimenter1,23.0066,en,20/01/2024,20:46:15,chrome,True,Android OS,980.0,1835.0,Female,23,Turkey,5,3,High School,Turkish,Condoms (for partner),1.207586666666468,1.0,0.5,0.38,0.8,0.78,0.49,0.46,1.0,0.78,0.83,0.41,1.0,1.0,0.33,0.7219166666666667,3. I viewed pornography weekly,2. 6-15 minutes,4. Within the last month,Heterosexual,False,True,False,True,True,False,False,False,False,False,
S007,Experimenter1,21.78258333333333,en,21/01/2024,01:02:42,ios,True,iOS,980.0,1683.0,Male,21,Norway,4,3,High School,Caucasian,,1.5241166666666668,0.78,0.45,0.0,0.16,0.73,0.0,0.95,0.94,0.23,0.61,0.32,0.52,0.53,0.02,0.7702000000000001,0. I haven't viewed pornography in the past 30 days,1. Less than 5 minutes,6. More than a year ago,Heterosexual,False,True,False,False,False,False,False,False,False,True,
S008,Experimenter1,30.013966666666665,en,21/01/2024,09:56:31,ios,True,iOS,980.0,1696.0,Female,20,UK,6,3,High School,Black,Intrauterine Device (IUD),0.9533833333333334,0.84,0.35,0.39,0.55,0.73,0.5,0.35,0.78,0.9,0.76,0.76,0.59,0.72,0.41,0.38180000000000003,1. I viewed pornography once in the past 30 days,2. 6-15 minutes,3. within the last week,Heterosexual,False,False,False,False,False,False,True,False,False,True,
S009,reddit3,21.424950000000003,en,22/01/2024,21:17:21,ios,True,iOS,980.0,1707.0,Male,27,USA,6,4,Bachelor,Caucasian,,0.7195833333333332,0.9,0.19,0.26,0.9,0.92,0.88,0.21,1.0,0.87,0.8,0.5,0.74,0.78,0.5,0.4082166666666666,4. I viewed pornography multiple times a week,2. 6-15 minutes,1. Less than 24h ago,Heterosexual,False,False,False,False,False,False,False,False,True,False,
S010,reddit3,21.956883333333334,en,22/01/2024,20:14:51,firefox,False,Windows 10,1536.0,703.0,Male,31,USA,6,2,High School,Jewish,,1.2944166666666668,1.0,0.86,0.5,0.75,0.82,0.39,0.39,0.7,0.62,0.0,1.0,0.13,0.06,0.71,0.433,4. I viewed pornography multiple times a week,3. 16-25 minutes,1. Less than 24h ago,Other,True,True,False,False,False,False,False,False,False,False,
S011,reddit3,24.09195,en,22/01/2024,18:57:39,chrome,False,Windows 10,1350.0,623.0,Male,67,USA,6,3,Bachelor,Caucasian,,1.3408983333333084,0.21,0.56,0.17,0.71,0.83,0.09,0.13,0.17,0.67,0.75,0.39,0.23,0.75,0.61,0.4810833333333333,4. I viewed pornography multiple times a week,4. 26-35 minutes,1. Less than 24h ago,Heterosexual,False,True,False,True,False,True,False,False,True,False,nope
S012,reddit3,25.84325,en,22/01/2024,18:43:08,chrome,False,Mac OS,1301.0,900.0,Male,35,USA,6,5,Bachelor,Caucasian,,1.5091366666669648,0.99,0.3,0.09,0.97,0.97,0.95,0.58,0.96,0.8,0.08,0.98,0.63,0.06,0.72,0.3341166666666667,5. I viewed pornography daily,3. 16-25 minutes,1. Less than 24h ago,Bisexual,False,True,False,False,False,False,True,False,False,False,
S013,reddit3,19.358150000000002,en,22/01/2024,15:38:24,safari,False,Mac OS,1366.0,914.0,Male,53,,6,5,Doctorate,,,0.87285,0.63,1.0,0.09,0.28,0.9,0.0,0.71,0.43,0.81,0.97,0.13,0.08,1.0,0.25,0.259,4. I viewed pornography multiple times a week,5. 36-45 minutes,1. Less than 24h ago,Heterosexual,False,True,False,False,False,False,True,False,False,False,
S014,reddit3,38.705850000000005,en,22/01/2024,12:17:25,chrome,True,Android OS,980.0,1807.0,Male,44,USA,6,4,High School,Caucasian,,1.2985200000007948,0.69,0.82,0.57,0.57,0.56,0.29,0.65,0.66,0.56,0.3,0.36,0.36,0.41,0.18,0.7305666666666667,5. I viewed pornography daily,2. 6-15 minutes,1. Less than 24h ago,Heterosexual,False,True,False,False,False,False,True,False,False,True,
S015,reddit3,25.223866666666666,en,22/01/2024,20:23:27,firefox,False,Windows 10,2048.0,1045.0,Male,24,Czech Republic,5,5,Bachelor,Caucasian,,1.8554666666666668,1.0,0.74,1.0,0.8,1.0,0.0,0.27,1.0,0.88,0.86,0.0,0.87,1.0,1.0,0.5731666666666667,5. I viewed pornography daily,2. 6-15 minutes,1. Less than 24h ago,Heterosexual,False,True,False,False,False,False,True,False,True,False,
S016,reddit3,16.132233333333332,en,22/01/2024,14:20:51,chrome,False,Windows 10,2560.0,1313.0,Male,28,Canada,6,3,Bachelor,Asian,,0.725193333333327,0.7,1.0,0.33,0.35,0.61,0.34,0.61,0.62,0.59,0.43,0.37,0.0,0.5,0.44,0.24376666666666666,2. I viewed pornography twice in the past 30 days,2. 6-15 minutes,2. Within the last 3 days,Heterosexual,False,True,False,True,False,False,False,False,True,False,
S017,reddit2,32.199933333333334,en,22/01/2024,13:39:43,chrome,True,Android OS,980.0,1940.0,Male,42,Netherlands,6,5,Master,Caucasian,,2.3070366666674618,0.15,0.66,0.4,0.94,0.94,0.93,0.82,0.19,0.67,0.63,0.18,0.91,0.89,0.8,1.1794166666666668,4. I viewed pornography multiple times a week,6. 46+ minutes,2. Within the last 3 days,Heterosexual,False,True,False,True,False,False,False,False,False,False,
S018,reddit3,22.98695,en,22/01/2024,09:07:09,firefox,False,Mac OS,1381.0,703.0,Male,35,Canada,6,2,Bachelor,Caucasian,,1.1022333333333334,0.61,0.8,0.39,0.82,0.69,0.57,0.5,0.64,0.71,0.13,0.43,0.29,0.43,0.42,0.4863166666666666,4. I viewed pornography multiple times a week,6. 46+ minutes,2. Within the last 3 days,Bisexual,False,True,False,True,False,False,False,False,True,False,
S019,reddit3,25.6355,en,22/01/2024,11:38:40,safari,False,Mac OS,1792.0,1033.0,Male,38,Canada,6,5,Bachelor,Asian,,1.3445166666666668,0.7,0.0,0.0,0.94,1.0,0.91,0.0,0.7,0.79,0.0,0.59,0.93,0.91,0.89,0.5535166666666667,4. I viewed pornography multiple times a week,3. 16-25 minutes,1. Less than 24h ago,Heterosexual,False,True,False,True,False,False,False,False,False,True,
S020,reddit2,21.073433333333334,en,22/01/2024,12:09:58,crios,True,iOS,980.0,1657.0,Male,27,UK,6,4,Bachelor,Caucasian,,1.2430166666666687,0.31,0.69,0.55,0.87,0.89,0.67,0.53,0.26,0.6,0.5,0.41,0.65,0.76,0.72,0.2565,6. I viewed pornography multiple times a day,5. 36-45 minutes,1. Less than 24h ago,Heterosexual,False,False,False,False,False,False,False,False,False,False,
S021,reddit2,16.65925,en,22/01/2024,09:05:11,chrome,True,Android OS,980.0,1924.0,Male,21,Paraguay,5,5,Bachelor,Hispanic,,1.6534166666666665,0.71,0.3,0.73,1.0,0.94,0.92,0.51,0.19,0.0,0.87,0.07,0.9,0.94,0.72,0.5283166666666667,4. I viewed pornography multiple times a week,4. 26-35 minutes,1. Less than 24h ago,Heterosexual,True,False,False,True,False,False,False,False,True,False,"Give a promp to those who are ai image, details about it and program/software used"
S022,reddit1,18.01993333333333,en,22/01/2024,12:47:13,opera,False,Windows 10,1879.0,939.0,Male,29,Germany,6,4,High School,Caucasian,,1.1762950000000032,0.64,0.58,0.63,1.0,0.9,1.0,0.59,0.65,0.11,0.26,0.61,0.69,0.97,1.0,0.43633333333333335,6. I viewed pornography multiple times a day,2. 6-15 minutes,1. Less than 24h ago,Heterosexual,False,True,False,False,True,False,False,False,True,False,
S023,reddit2,28.173483333333333,en,22/01/2024,07:43:15,chrome,True,Android OS,980.0,1717.0,Male,26,Canada,6,4,Bachelor,Caucasian,,1.975901666667064,0.97,0.64,0.87,1.0,1.0,0.87,0.9,0.26,0.71,0.98,0.24,1.0,0.76,1.0,0.5407166666666666,5. I viewed pornography daily,3. 16-25 minutes,1. Less than 24h ago,Heterosexual,False,True,False,True,False,False,True,False,True,False,I hope the milk guy is a researcher
S024,reddit2,23.068433333333335,en,22/01/2024,07:14:37,chrome,True,Android OS,980.0,1838.0,Male,34,Spain,5,3,Master,Hispanic,,1.2802833333333332,0.56,0.53,0.39,0.57,0.9,0.64,0.76,0.58,0.04,0.45,0.46,0.58,0.47,0.53,0.5832833333333334,3. I viewed pornography weekly,2. 6-15 minutes,1. Less than 24h ago,Heterosexual,False,True,False,False,False,False,True,False,False,False,
S025,website,31.819233333333333,en,22/01/2024,02:02:17,chrome,False,Windows 10,1920.0,911.0,Male,33,China,5,4,Master,Asian,,2.970970000000795,0.11,0.04,0.39,0.96,0.87,0.96,0.7,0.24,0.43,0.38,0.13,0.81,0.7,0.59,1.4593500000000001,4. I viewed pornography multiple times a week,2. 6-15 minutes,1. Less than 24h ago,Heterosexual,False,False,False,False,False,False,True,False,False,False,
S026,reddit3,57.6182,en,22/01/2024,11:10:56,chrome,True,Android OS,980.0,1790.0,Male,36,USA,6,3,Doctorate,Hispanic,,0.8295666666666667,1.0,0.4,0.32,0.0,1.0,0.29,0.38,1.0,0.73,0.44,0.0,0.77,0.0,0.0,0.34365,3. I viewed pornography weekly,2. 6-15 minutes,1. Less than 24h ago,Heterosexual,False,True,False,False,False,False,False,False,False,True,
S027,reddit3,19.145783333333334,en,23/01/2024,15:16:36,chrome,True,Android OS,980.0,1858.0,Male,33,USA,6,2,Bachelor,Caucasian,,1.4881316666672626,0.38,0.47,0.24,0.78,0.81,0.62,0.62,0.27,0.6,0.43,0.25,0.45,0.37,0.82,0.46775,4. I viewed pornography multiple times a week,3. 16-25 minutes,1. Less than 24h ago,Bisexual,False,True,False,False,False,False,True,False,True,False,None
S028,reddit3,27.808333333333334,en,23/01/2024,11:45:38,chrome,False,Windows 10,1536.0,703.0,Male,40,USA,6,3,Bachelor,Caucasian,,1.8167483333334327,0.75,0.73,0.35,0.77,0.54,0.69,0.68,0.76,0.55,0.34,0.2,0.45,0.57,0.75,0.40543333333333337,3. I viewed pornography weekly,2. 6-15 minutes,2. Within the last 3 days,Bisexual,False,True,False,False,False,False,False,False,False,False,
S029,reddit3,23.4904,en,23/01/2024,03:41:02,ios,True,iOS,980.0,1684.0,Female,25,USA,6,4,Bachelor,Asian,Condoms (for partner),1.1291666666666649,0.5,0.5,0.91,0.5,0.49,0.5,0.5,0.5,0.5,0.5,0.5,0.5,0.5,0.5,0.3796333333333333,4. I viewed pornography multiple times a week,2. 6-15 minutes,2. Within the last 3 days,Bisexual,False,False,False,False,False,False,False,False,False,True,
S030,reddit3,29.35953333333333,en,23/01/2024,12:14:51,ios,True,iOS,980.0,1722.0,Male,31,Singapore,6,3,Master,Asian,,2.4564166666666667,1.0,0.14,0.03,1.0,1.0,0.94,0.0,0.87,1.0,0.22,0.17,1.0,0.96,0.44,0.5315333333333333,4. I viewed pornography multiple times a week,2. 6-15 minutes,2. Within the last 3 days,Heterosexual,False,True,False,True,False,False,True,False,True,False,
S031,reddit3,27.29413333333333,en,23/01/2024,15:03:37,edge-chromium,False,Windows 10,1647.0,775.0,Male,31,Portugal,5,4,Master,Caucasian,,2.205256666668256,1.0,0.0,0.0,0.58,1.0,0.68,0.26,1.0,0.32,0.67,0.11,0.5,1.0,0.35,0.9618,4. I viewed pornography multiple times a week,2. 6-15 minutes,1. Less than 24h ago,Heterosexual,False,True,False,True,False,False,False,False,True,False,
S032,reddit6,18.678316666666667,en,24/01/2024,20:56:59,chrome,False,Windows 10,2560.0,1271.0,Male,44,UK,6,4,Bachelor,Caucasian,,0.9516816666662693,0.8,0.18,0.27,1.0,1.0,1.0,0.22,1.0,1.0,0.88,0.68,0.74,1.0,1.0,0.3032833333333333,5. I viewed pornography daily,3. 16-25 minutes,1. Less than 24h ago,Bisexual,False,True,False,True,False,False,True,False,False,False,
S033,website,23.090666666666667,en,24/01/2024,14:14:55,chrome,False,Windows 10,1920.0,1031.0,Male,34,USA,6,2,Master,Caucasian,,2.0180300000000027,0.61,0.61,0.07,0.91,1.0,0.99,0.38,0.6,0.6,0.29,0.71,0.32,0.23,1.0,0.6155,4. I viewed pornography multiple times a week,3. 16-25 minutes,2. Within the last 3 days,Heterosexual,False,True,False,False,False,False,False,False,False,False,
S034,reddit6,24.673466666666666,en,24/01/2024,16:17:41,firefox,False,Windows 10,1920.0,993.0,Male,28,Ecuador,5,4,High School,Hispanic,,1.4382666666666668,0.87,0.79,0.32,0.83,1.0,0.83,0.62,0.74,0.67,0.44,0.29,0.65,0.92,0.78,0.4058,4. I viewed pornography multiple times a week,3. 16-25 minutes,2. Within the last 3 days,Heterosexual,False,True,False,False,False,False,True,False,False,False,
S035,reddit6,33.00966666666667,en,24/01/2024,22:19:25,firefox,False,Windows 10,1920.0,947.0,Male,33,Denmark,5,5,Master,Caucasian,,2.4137,0.26,0.6,0.61,1.0,0.95,1.0,0.88,0.47,0.24,0.86,0.15,0.52,0.77,0.89,0.6743666666666667,4. I viewed pornography multiple times a week,3. 16-25 minutes,1. Less than 24h ago,Heterosexual,False,True,False,False,False,False,False,False,True,False,A second is not enough time to look at a picture and decide how realistic it is. Otherwise a fine questionaire
S036,reddit6,18.996233333333333,en,24/01/2024,14:43:30,firefox,False,Windows 10,1720.0,1307.0,Male,45,USA,6,4,Bachelor,Black,,0.92905,0.97,0.59,0.18,0.66,0.98,0.72,0.24,0.68,0.48,0.74,0.25,0.43,0.97,0.36,0.2898833333333333,5. I viewed pornography daily,3. 16-25 minutes,2. Within the last 3 days,Heterosexual,False,True,False,True,False,False,False,False,False,True,Fun
S037,reddit5,30.8949,en,24/01/2024,16:51:44,edge-chromium,False,Windows 10,1912.0,976.0,Female,33,USA,6,3,High School,Asian,No,1.2945133333333456,0.45,0.61,0.46,0.75,0.86,1.0,0.52,0.33,0.53,0.42,0.23,0.36,0.54,0.68,0.6187166666666666,2. I viewed pornography twice in the past 30 days,2. 6-15 minutes,1. Less than 24h ago,Bisexual,False,True,False,True,False,False,False,True,False,False,
S038,reddit6,29.6245,en,24/01/2024,22:59:43,firefox,False,Windows 10,1527.0,995.0,Male,23,Poland,5,3,Bachelor,Caucasian,,0.9393499999999999,1.0,0.9,0.11,1.0,0.9,0.54,0.95,1.0,0.16,0.24,0.28,0.44,0.48,0.69,0.39158333333333334,4. I viewed pornography multiple times a week,5. 36-45 minutes,1. Less than 24h ago,Bisexual,True,False,False,False,False,True,False,False,False,True,
S039,reddit6,16.137983333333334,en,24/01/2024,23:15:19,firefox,False,Windows 10,1536.0,684.0,Male,30,UK,6,4,Master,Mixed,,0.8982666666666667,1.0,0.62,0.6,0.75,0.74,0.63,0.89,0.84,0.23,0.14,0.26,0.35,0.56,0.92,0.32230000000000003,4. I viewed pornography multiple times a week,3. 16-25 minutes,1. Less than 24h ago,Heterosexual,True,True,False,False,False,True,True,False,False,False,
S040,reddit6,20.405933333333333,en,24/01/2024,23:12:29,firefox,False,Windows 10,1920.0,993.0,Male,32,Italy,5,3,High School,Caucasian,,1.0065833333333334,0.67,1.0,0.26,0.81,0.66,0.87,1.0,0.62,0.13,0.59,0.16,0.35,0.68,0.49,0.4006,4. I viewed pornography multiple times a week,3. 16-25 minutes,1. Less than 24h ago,Heterosexual,False,True,True,False,False,False,True,False,True,False,
S041,reddit5,27.472783333333332,en,24/01/2024,19:23:02,firefox,True,Android OS,898.0,1710.0,Male,21,Brazil,4,3,High School,Caucasian,,2.4046499999999997,0.0,1.0,0.8,1.0,0.92,1.0,1.0,0.0,0.87,0.82,0.77,0.55,1.0,0.49,0.4842,6. I viewed pornography multiple times a day,5. 36-45 minutes,1. Less than 24h ago,Heterosexual,False,False,False,True,False,False,True,False,False,True,"I think the amount of time retaining my cum can influence on the results. I masturbate twice a day, so I'm kind of desensitized, and I also have a foot fetish, so the average nude doesn't appeal to me. It's just an eye candy."
S042,reddit6,24.469916666666666,en,24/01/2024,23:29:38,chrome,False,Windows 10,2494.0,1319.0,Male,34,Germany,5,5,Master,Caucasian,,1.2331666666666665,1.0,0.74,0.59,0.77,0.91,0.84,0.35,1.0,0.07,0.39,1.0,0.75,0.51,0.5,0.39765,5. I viewed pornography daily,3. 16-25 minutes,1. Less than 24h ago,Heterosexual,False,False,False,True,False,False,False,False,False,True,Couldn't you have asked my sexual orientation in advance? I'm being helpful here by participating. I really don't enjoy seeing dicks.
S043,reddit6,42.25635,en,24/01/2024,17:15:55,chrome,False,Windows 10,1536.0,730.0,Female,33,Peru,4,3,Master,Mixed,No,2.1571700000047684,0.93,0.91,0.56,0.76,0.68,0.71,0.58,0.77,0.62,0.46,0.27,0.5,0.4,0.87,1.3106666666666666,0. I haven't viewed pornography in the past 30 days,2. 6-15 minutes,3. within the last week,Heterosexual,True,False,False,False,False,False,False,False,False,False,
S044,reddit6,16.534233333333333,en,24/01/2024,17:44:21,firefox,False,Windows 10,1279.0,1287.0,Male,32,Canada,6,3,Bachelor,Caucasian,,0.6270833333333333,0.68,0.41,0.32,0.84,1.0,0.76,0.35,0.73,0.34,0.73,0.35,0.84,0.7,1.0,0.4332333333333333,2. I viewed pornography twice in the past 30 days,3. 16-25 minutes,2. Within the last 3 days,Bisexual,False,True,False,True,False,False,False,False,True,False,
S045,reddit6,21.0287,en,24/01/2024,18:20:56,edge-chromium,False,Windows 10,1912.0,966.0,Male,25,USA,6,1,High School,Other,,1.069390000000596,0.77,0.79,0.59,0.76,0.55,0.54,0.52,0.55,0.52,0.31,0.3,0.51,0.56,0.58,0.46504999999999996,4. I viewed pornography multiple times a week,6. 46+ minutes,2. Within the last 3 days,Heterosexual,False,True,False,False,False,False,False,True,False,False,
S046,reddit6,21.62045,en,24/01/2024,23:24:03,safari,False,Mac OS,1180.0,713.0,Male,37,UK,6,2,Bachelor,South Asian,,0.7447166666666667,1.0,0.08,0.06,0.48,0.52,0.54,0.13,0.84,0.5,0.5,0.85,0.99,0.45,0.08,0.3049,4. I viewed pornography multiple times a week,3. 16-25 minutes,2. Within the last 3 days,Heterosexual,False,True,False,False,True,False,False,False,False,False,
S047,reddit6,17.140333333333334,en,24/01/2024,15:43:14,chrome,True,Android OS,980.0,1864.0,Male,37,USA,6,6,Bachelor,Caucasian,,0.6713183333317438,0.56,0.29,0.15,1.0,1.0,1.0,0.2,0.65,0.69,1.0,0.56,0.54,0.82,1.0,0.2851666666666667,6. I viewed pornography multiple times a day,6. 46+ minutes,1. Less than 24h ago,Other,False,True,False,True,False,False,False,False,True,False,
S048,reddit6,22.4258,en,24/01/2024,15:40:53,chrome,False,Windows 10,1366.0,633.0,Male,23,USA,6,4,High School,Caucasian,,1.7100550000001988,0.94,0.83,0.32,1.0,0.66,0.15,0.82,0.97,0.16,0.0,0.58,0.23,0.74,0.18,0.42385,3. I viewed pornography weekly,6. 46+ minutes,3. within the last week,Heterosexual,True,False,True,False,False,False,True,False,False,True,
S049,reddit3,32.391666666666666,en,24/01/2024,18:41:50,safari,False,Mac OS,1180.0,752.0,Other,39,USA,6,2,Master,Caucasian,Intrauterine Device (IUD),4.56115,1.0,0.87,0.77,0.77,0.44,0.03,0.67,0.57,0.39,0.65,0.13,0.4,0.43,0.47,2.633783333333333,2. I viewed pornography twice in the past 30 days,2. 6-15 minutes,3. within the last week,Bisexual,False,False,False,True,False,False,False,False,False,True,
S050,reddit6,16.74625,en,24/01/2024,17:58:28,firefox,False,Mac OS,1728.0,995.0,Male,36,USA,6,3,Bachelor,Caucasian,,0.7673,1.0,1.0,0.67,0.96,0.77,0.74,0.75,0.64,0.35,0.07,0.64,0.06,0.0,0.61,0.36171666666666663,4. I viewed pornography multiple times a week,3. 16-25 minutes,1. Less than 24h ago,Bisexual,False,True,False,False,False,False,True,False,True,False,
S051,reddit6,23.65225,en,24/01/2024,16:33:25,firefox,False,Windows 10,2560.0,1307.0,Male,39,Mexico,6,4,Bachelor,Hispanic,,1.2508000000000001,1.0,0.63,0.46,1.0,1.0,1.0,0.6,0.73,0.63,0.61,0.56,0.64,0.7,0.75,0.5266333333333333,6. I viewed pornography multiple times a day,3. 16-25 minutes,1. Less than 24h ago,Bisexual,False,False,False,True,False,False,False,False,True,False,
S052,reddit6,20.505433333333333,en,24/01/2024,18:44:36,firefox,False,Windows 10,1536.0,703.0,Male,42,USA,6,4,High School,Caucasian,,0.7368833333333333,0.75,1.0,0.0,0.97,0.99,0.66,0.34,0.24,0.7,0.77,0.0,0.41,1.0,0.77,0.32025,5. I viewed pornography daily,3. 16-25 minutes,2. Within the last 3 days,Heterosexual,False,True,False,True,True,False,True,True,True,False,
S053,reddit6,19.5807,en,24/01/2024,22:40:11,chrome,False,Windows 10,2285.0,991.0,Male,37,UK,6,5,Master,Caucasian,,1.0079083333333294,0.74,0.06,0.0,0.9,1.0,0.89,0.89,1.0,0.67,0.89,0.79,1.0,0.16,0.49,0.34318333333333334,5. I viewed pornography daily,2. 6-15 minutes,2. Within the last 3 days,Heterosexual,False,True,False,True,False,True,False,False,False,False,
S054,reddit6,16.357066666666665,en,24/01/2024,13:51:06,chrome,False,Windows 10,2560.0,919.0,Male,39,USA,6,5,Bachelor,Caucasian,,0.8546999999999999,0.78,0.59,0.35,0.77,0.84,0.78,0.65,0.58,0.16,0.63,0.71,0.59,0.8,0.76,0.38383333333333336,4. I viewed pornography multiple times a week,3. 16-25 minutes,1. Less than 24h ago,Heterosexual,True,False,False,True,False,False,False,False,True,False,
S055,reddit6,22.474,en,24/01/2024,20:29:08,chrome,True,Android OS,980.0,1862.0,Male,32,Romania,5,3,Master,Caucasian,,1.434136666666468,0.33,0.28,0.39,1.0,0.89,0.78,1.0,0.63,0.09,0.0,0.0,0.72,0.1,0.71,0.39188333333333336,4. I viewed pornography multiple times a week,1. Less than 5 minutes,1. Less than 24h ago,Heterosexual,False,True,False,False,False,False,True,False,False,False,
S056,reddit6,23.363466666666667,en,24/01/2024,21:29:51,firefox,False,Windows 10,1451.0,775.0,Male,30,Denmark,5,5,Bachelor,Caucasian,,0.9464333333333333,0.71,0.75,0.21,1.0,1.0,1.0,0.24,0.93,1.0,1.0,0.76,1.0,1.0,1.0,0.20350000000000001,3. I viewed pornography weekly,4. 26-35 minutes,1. Less than 24h ago,Heterosexual,True,False,False,True,False,False,False,False,False,True,
S057,reddit3,28.555283333333332,en,24/01/2024,00:18:26,firefox,False,Linux,1400.0,700.0,Male,46,Germany,4,4,Master,Caucasian,,2.177543550000002,0.49,0.75,0.74,0.76,0.25,0.26,0.74,0.5,0.28,0.35,0.05,0.25,0.5,0.12,0.64085,1. I viewed pornography once in the past 30 days,1. Less than 5 minutes,2. Within the last 3 days,Heterosexual,True,False,True,True,False,False,True,False,False,True,They were all real photos
S058,reddit3,31.532466666666668,en,24/01/2024,09:53:50,chrome,False,Windows 10,1372.0,608.0,Female,44,Australia,6,4,Master,Caucasian,Intrauterine System (IUS),1.8250516666650776,0.86,0.68,0.28,0.69,0.74,0.32,0.28,0.76,0.58,0.31,0.69,0.51,0.5,0.37,0.37710000000000005,2. I viewed pornography twice in the past 30 days,3. 16-25 minutes,2. Within the last 3 days,Bisexual,True,False,False,False,False,True,True,False,False,True,
S059,reddit3,21.619733333333333,en,24/01/2024,10:00:46,chrome,True,Android OS,980.0,1899.0,Male,38,USA,6,4,Bachelor,Caucasian,,1.189763333333532,1.0,0.19,0.27,0.06,1.0,0.32,0.0,0.84,0.71,0.32,0.0,0.77,0.38,0.32,0.32431666666666664,3. I viewed pornography weekly,2. 6-15 minutes,2. Within the last 3 days,Other,False,True,False,False,False,True,True,False,True,False,
S060,reddit5,32.805233333333334,en,24/01/2024,06:50:27,chrome,True,Android OS,980.0,1826.0,Female,18,USA,6,3,High School,Black,No,1.3640766666665674,1.0,0.99,0.03,0.99,0.0,0.99,0.58,0.81,0.5,0.74,0.5,0.5,0.78,0.96,0.5722166666666666,2. I viewed pornography twice in the past 30 days,3. 16-25 minutes,6. More than a year ago,Bisexual,False,False,False,False,False,False,False,True,False,True,
S061,reddit6,18.388783333333333,en,24/01/2024,11:01:29,chrome,False,Windows 10,2560.0,1317.0,Male,51,USA,6,3,Bachelor,Caucasian,,0.8533016666666915,0.83,0.63,0.7,0.64,0.59,0.75,0.43,0.66,0.73,0.29,0.72,0.6,0.64,0.66,0.3111333333333333,0. I haven't viewed pornography in the past 30 days,2. 6-15 minutes,4. Within the last month,Heterosexual,False,True,False,False,False,False,True,False,True,False,
S062,reddit6,17.1263,en,24/01/2024,23:38:57,edge-chromium,True,Android OS,980.0,1843.0,Male,20,India,5,3,High School,Asian,,1.0058300000000124,0.3,0.92,0.18,1.0,1.0,1.0,0.4,0.17,0.79,1.0,0.35,0.67,1.0,1.0,0.34413333333333335,5. I viewed pornography daily,2. 6-15 minutes,1. Less than 24h ago,Heterosexual,False,True,True,False,False,False,False,True,True,False,
S063,reddit6,18.39271666666667,en,24/01/2024,13:16:07,firefox,False,Windows 10,1536.0,703.0,Male,48,USA,6,3,Doctorate,Caucasian,,0.9362999999999999,1.0,0.25,0.58,0.99,1.0,0.92,0.1,0.63,0.69,0.74,0.1,0.87,1.0,0.72,0.25133333333333335,0. I haven't viewed pornography in the past 30 days,1. Less than 5 minutes,2. Within the last 3 days,Heterosexual,False,True,False,True,False,False,False,False,False,False,
S064,reddit6,18.1049,en,24/01/2024,13:19:02,chrome,True,Android OS,980.0,2245.0,Male,29,USA,6,5,Doctorate,Asian,,0.8851150000000992,0.6,0.34,0.0,1.0,1.0,1.0,0.09,0.7,0.89,1.0,0.84,1.0,0.84,0.98,0.3678,4. I viewed pornography multiple times a week,2. 6-15 minutes,2. Within the last 3 days,Heterosexual,False,True,False,True,False,False,False,False,False,False,
S065,reddit6,17.62683333333333,en,24/01/2024,13:24:49,ios,True,iOS,980.0,1722.0,Male,43,USA,6,5,High School,Caucasian,,0.9113666666666647,0.28,0.71,0.34,0.97,0.75,0.91,0.73,0.45,0.46,0.29,0.58,0.39,0.62,0.61,0.38355,4. I viewed pornography multiple times a week,4. 26-35 minutes,1. Less than 24h ago,Heterosexual,False,False,False,True,False,False,False,False,True,False,Nope
S066,reddit6,36.01541666666667,en,24/01/2024,17:25:33,ios,True,iOS,980.0,454.0,Male,52,Canada,6,4,High School,Caucasian,,1.2327166666666665,0.7,0.8,0.15,0.9,0.7,0.73,0.92,0.72,0.68,0.87,0.11,0.57,0.29,0.77,0.5852,4. I viewed pornography multiple times a week,1. Less than 5 minutes,3. within the last week,Heterosexual,False,True,False,True,False,False,True,False,False,False,Nope
S067,reddit6,24.90651666666667,en,24/01/2024,14:37:34,chrome,True,Android OS,980.0,1824.0,Male,29,USA,6,4,High School,Hispanic,,1.802,0.61,0.99,0.85,0.61,0.55,0.33,0.97,0.66,0.34,0.59,0.48,0.15,0.66,0.53,1.2073333333333334,3. I viewed pornography weekly,5. 36-45 minutes,3. within the last week,Heterosexual,False,True,False,False,True,False,False,False,False,False,
S068,reddit5,36.382733333333334,en,24/01/2024,21:30:45,chrome,False,Windows 10,1920.0,953.0,Female,19,Russia,5,4,High School,Caucasian,No,1.1263516666650772,0.69,0.57,0.34,0.69,0.74,0.72,0.7,0.53,0.38,0.6,0.56,0.63,0.72,0.71,0.4139666666666667,3. I viewed pornography weekly,2. 6-15 minutes,4. Within the last month,Bisexual,False,True,False,True,False,False,False,False,True,False,
S069,reddit6,28.827616666666664,en,24/01/2024,13:01:33,chrome,False,Windows 10,1920.0,919.0,Male,38,USA,6,3,Bachelor,Caucasian,,1.6109166666666668,1.0,0.54,0.51,1.0,0.94,0.63,0.51,1.0,0.75,0.56,0.74,0.46,0.75,0.75,0.49183333333333334,4. I viewed pornography multiple times a week,6. 46+ minutes,1. Less than 24h ago,Heterosexual,False,True,False,True,False,False,True,False,True,False,
S070,reddit6,19.20355,en,24/01/2024,11:20:14,chrome,True,Android OS,980.0,1805.0,Male,33,USA,6,4,Master,Caucasian,,0.9747799999999504,0.84,0.23,0.15,0.87,0.86,0.78,0.39,0.5,0.76,0.83,0.5,0.77,0.9,0.77,0.3954666666666667,3. I viewed pornography weekly,3. 16-25 minutes,1. Less than 24h ago,Bisexual,False,True,False,True,True,False,False,False,False,False,The photographs seemed to overly trend towards control pics while the AI shots trended towards explicit pornography. Also I think there were more shirtless men than any other type of content lol
S071,reddit6,23.719916666666666,en,24/01/2024,19:19:40,firefox,False,Windows 10,1536.0,778.0,Male,32,Belgium,5,5,Bachelor,Caucasian,,2.327546549999999,1.0,0.9,0.67,0.61,0.8,0.73,0.56,0.99,0.79,0.42,0.24,0.43,0.66,0.65,0.31973333333333337,5. I viewed pornography daily,4. 26-35 minutes,1. Less than 24h ago,Heterosexual,True,False,False,False,False,False,True,False,False,False,
S072,reddit6,22.98125,en,24/01/2024,19:21:02,chrome,False,Windows 10,1920.0,991.0,Male,49,UK,6,4,Bachelor,Caucasian,,1.1058533333331346,0.77,0.51,0.6,0.81,0.61,0.79,0.5,0.68,0.37,0.5,0.6,0.81,0.78,0.5,0.49465,3. I viewed pornography weekly,6. 46+ minutes,2. Within the last 3 days,Heterosexual,False,False,False,False,False,False,True,False,False,True,
S073,reddit6,16.851883333333333,en,24/01/2024,19:49:38,chrome,False,Windows 10,1920.0,919.0,Male,30,UK,6,4,Doctorate,Caucasian,,0.844578333334128,0.66,0.64,0.32,0.86,0.56,0.64,0.38,0.39,0.44,0.36,0.72,0.35,0.65,0.82,0.48165,5. I viewed pornography daily,6. 46+ minutes,1. Less than 24h ago,Heterosexual,False,False,False,False,False,False,False,False,False,False,
S074,reddit6,17.74755,en,24/01/2024,14:49:31,chrome,True,Android OS,980.0,1783.0,Male,26,USA,6,3,High School,Caucasian,,1.1065066666672627,0.75,0.58,0.12,0.77,1.0,0.62,0.63,0.72,0.17,0.48,0.63,0.53,0.48,0.67,0.3983666666666667,4. I viewed pornography multiple times a week,3. 16-25 minutes,1. Less than 24h ago,Heterosexual,False,True,False,True,False,False,False,False,False,False,
S075,reddit6,29.955116666666665,en,24/01/2024,20:52:40,firefox,False,Windows 10,2560.0,1353.0,Male,29,Norway,6,3,High School,Caucasian,,1.9775666666666667,1.0,0.66,0.0,1.0,1.0,1.0,0.5,0.8,1.0,0.87,0.5,1.0,0.28,1.0,0.8977166666666666,6. I viewed pornography multiple times a day,6. 46+ minutes,1. Less than 24h ago,Other,False,True,False,True,False,False,True,False,True,False,
S076,reddit6,31.945749999999997,en,24/01/2024,21:02:19,chrome,False,Windows 10,1536.0,730.0,Male,24,Netherlands,5,3,High School,Caucasian,,1.813413333333346,0.72,0.78,0.0,0.69,0.74,0.69,0.77,0.74,0.05,0.68,0.71,0.72,0.75,0.61,0.6182166666666667,4. I viewed pornography multiple times a week,3. 16-25 minutes,1. Less than 24h ago,Homosexual,False,False,False,True,False,False,False,False,True,False,There was not a lot of time to judge if the pictures were photo's or AI-generated
S077,reddit6,16.566883333333333,en,24/01/2024,15:19:34,edge-chromium,False,Windows 10,1246.0,1250.0,Male,40,Canada,5,4,Master,Caucasian,,0.999993333333234,0.31,0.72,0.76,0.0,0.5,0.24,0.62,0.17,0.36,0.13,0.0,0.37,0.4,0.53,0.3641,4. I viewed pornography multiple times a week,3. 16-25 minutes,1. Less than 24h ago,Heterosexual,True,False,False,False,False,False,False,False,False,True,
S078,reddit6,121.18013333333333,en,24/01/2024,11:49:52,chrome,True,Android OS,980.0,1807.0,Male,25,USA,6,3,Other,Mixed,,1.1296283333331345,0.95,0.67,0.5,0.67,0.93,0.69,0.68,0.91,0.63,0.57,0.5,0.58,0.66,0.65,0.6006833333333332,5. I viewed pornography daily,3. 16-25 minutes,1. Less than 24h ago,Heterosexual,False,True,False,True,False,False,False,False,True,False,
S079,reddit6,25.50883333333333,en,24/01/2024,18:52:33,firefox,False,Windows 10,1600.0,719.0,Male,68,USA,6,3,Bachelor,Caucasian,,1.3905833666666683,0.77,0.55,0.4,0.7,0.58,0.71,0.42,0.28,0.57,0.44,0.5,0.54,0.43,0.53,0.44585,3. I viewed pornography weekly,2. 6-15 minutes,3. within the last week,Heterosexual,False,False,False,False,False,False,False,False,False,False,if images were shown longer it would probably be easier to tell Ai generated from photographs
S080,reddit6,20.872166666666665,en,24/01/2024,22:55:07,chrome,False,Windows 10,2034.0,1058.0,Male,26,Brazil,5,4,Bachelor,Caucasian,,0.9169199999999875,1.0,0.83,0.32,0.88,0.8,0.73,0.55,0.81,0.11,0.15,0.3,0.0,0.57,0.28,0.42595,3. I viewed pornography weekly,3. 16-25 minutes,1. Less than 24h ago,Bisexual,True,False,False,False,False,False,True,False,True,False,
S081,reddit6,18.967116666666666,en,24/01/2024,19:28:41,firefox,False,Windows 10,2560.0,1287.0,Male,37,USA,6,5,Bachelor,Caucasian,,1.2468666666666666,0.05,0.57,0.26,0.99,0.79,1.0,0.63,0.11,0.41,0.81,0.81,0.7,1.0,1.0,0.40615,6. I viewed pornography multiple times a day,4. 26-35 minutes,1. Less than 24h ago,Bisexual,False,True,False,False,False,False,True,True,True,False,"Should do some with actual sexual activity such as sex, oral, anal ect as they tend to be harder to generate for AI."
S082,reddit6,23.07565,en,24/01/2024,21:03:12,chrome,True,Android OS,980.0,1843.0,Male,25,USA,6,3,High School,Caucasian,,1.3906233333334328,0.83,0.54,0.56,0.71,0.66,0.6,0.19,0.55,0.65,0.6,0.42,0.56,0.79,0.7,2.4348,4. I viewed pornography multiple times a week,3. 16-25 minutes,2. Within the last 3 days,Heterosexual,True,False,False,False,False,False,False,False,False,True,
S083,reddit6,17.529049999999998,en,24/01/2024,21:02:10,chrome,True,Android OS,980.0,1852.0,Male,29,Canada,5,3,Bachelor,Caucasian,,1.3181366666666698,0.19,0.19,0.75,0.79,0.76,0.78,0.79,0.18,0.14,0.77,0.11,0.26,0.74,0.79,0.6467666666666666,4. I viewed pornography multiple times a week,3. 16-25 minutes,2. Within the last 3 days,Heterosexual,True,False,False,True,False,False,False,False,False,False,
S084,reddit6,18.959416666666666,en,24/01/2024,21:31:37,ios,True,iOS,980.0,1661.0,Male,27,USA,6,4,Bachelor,Caucasian,,0.9757666666666667,0.96,0.25,0.72,0.82,0.84,0.32,0.32,0.72,0.75,0.11,0.35,0.85,0.33,0.76,0.38626666666666665,4. I viewed pornography multiple times a week,3. 16-25 minutes,1. Less than 24h ago,Heterosexual,False,True,False,True,False,False,True,False,True,False,
S085,reddit6,23.92236666666667,en,24/01/2024,21:57:09,ios,True,iOS,980.0,1601.0,Male,61,USA,6,5,Doctorate,Caucasian,,1.4535666666666647,0.69,0.02,0.34,1.0,0.75,0.85,0.71,0.2,0.7,0.77,0.11,0.76,0.2,0.98,0.4688666666666667,3. I viewed pornography weekly,2. 6-15 minutes,2. Within the last 3 days,Heterosexual,False,True,False,False,False,False,False,False,False,False,"The pictures flashed by too quickly to really look for potential AI artifacts. Overall, almost all pictures looked realistic enough and whether or not it was sexy depended solely on the subject - not on whether it was AI or not."
S086,reddit6,21.32885,en,24/01/2024,22:53:25,crios,True,iOS,979.0,586.0,Male,34,USA,5,6,Doctorate,Asian,,1.263950000000002,0.28,0.92,0.44,0.72,0.7,0.69,0.26,0.35,0.74,0.7,0.28,0.31,0.0,0.56,0.4299,4. I viewed pornography multiple times a week,3. 16-25 minutes,2. Within the last 3 days,Heterosexual,False,True,False,False,False,False,True,False,False,False,
S087,reddit6,22.613400000000002,en,24/01/2024,23:56:49,opera,False,Windows 10,1879.0,931.0,Male,21,Canada,6,3,High School,South Asian,,3.063448333333184,0.63,0.54,0.36,0.84,0.68,0.62,0.69,0.7,0.12,0.77,0.6,0.84,0.62,0.62,1.5705166666666666,4. I viewed pornography multiple times a week,5. 36-45 minutes,1. Less than 24h ago,Heterosexual,True,True,False,False,False,False,False,False,False,True,get hotter pics of women - or don't idrk i kinda just got bored
S088,reddit6,97.90916666666666,en,24/01/2024,20:03:51,ios,True,iOS,980.0,1684.0,Male,32,USA,6,4,Master,Caucasian,,33.90345,0.5,0.34,0.3,0.84,0.88,0.5,0.24,0.7,0.59,0.33,0.59,0.76,0.86,0.79,0.3500333333333333,2. I viewed pornography twice in the past 30 days,2. 6-15 minutes,4. Within the last month,Heterosexual,False,False,False,False,False,False,False,False,False,False,
S089,reddit6,28.6046,en,24/01/2024,20:56:56,chrome,True,Android OS,980.0,1831.0,Male,23,USA,6,1,High School,Hispanic,,1.673225,0.88,0.06,0.71,0.93,0.07,0.57,0.9,0.19,0.01,0.9,0.9,0.97,0.0,0.71,0.39740000000000003,6. I viewed pornography multiple times a day,2. 6-15 minutes,2. Within the last 3 days,Homosexual,False,True,False,True,False,False,False,False,True,False,
S090,reddit6,26.989016666666664,en,24/01/2024,22:56:57,ios,True,iOS,980.0,1707.0,Male,38,UK,6,1,Bachelor,Caucasian,,1.7003833333333334,0.92,0.04,0.1,0.88,0.93,0.94,0.03,0.93,0.95,0.87,0.96,0.94,0.7,0.33,0.7837666666666667,5. I viewed pornography daily,2. 6-15 minutes,1. Less than 24h ago,Heterosexual,False,False,False,False,False,False,False,False,False,False,This was shit.  You suck.
S091,reddit6,17.053466666666665,en,24/01/2024,23:05:03,firefox,False,Windows 10,1920.0,1047.0,Other,22,,6,3,Other,,No,1.3761833333333333,0.48,0.76,0.29,0.5,0.79,0.73,0.31,0.25,0.0,0.27,0.0,0.25,0.0,0.79,0.25834999999999997,3. I viewed pornography weekly,3. 16-25 minutes,2. Within the last 3 days,Heterosexual,False,True,False,True,False,False,True,False,False,False,
S092,reddit6,22.00205,en,24/01/2024,21:55:24,firefox,False,Windows 10,2560.0,1355.0,Male,32,USA,6,5,High School,Mixed White/Latino,,1.6510333333333334,0.0,1.0,0.71,1.0,1.0,1.0,1.0,0.43,0.0,0.56,0.11,0.25,0.26,1.0,0.4716333333333333,6. I viewed pornography multiple times a day,6. 46+ minutes,1. Less than 24h ago,Heterosexual,True,False,False,False,False,False,True,True,False,False,No
S093,reddit5,14.452383333333334,en,24/01/2024,22:55:02,chrome,True,Android OS,980.0,1949.0,Male,23,USA,6,3,Bachelor,Hispanic,,0.5474,0.83,0.84,0.94,0.61,0.65,0.53,0.75,0.57,0.77,0.45,0.76,0.3,0.51,0.51,0.27443333333333336,4. I viewed pornography multiple times a week,2. 6-15 minutes,5. Within the last year,Heterosexual,False,False,False,False,False,False,False,False,False,True,No 
S094,reddit6,26.029516666666666,en,24/01/2024,22:36:43,ios,True,iOS,980.0,1700.0,Male,30,USA,6,5,Bachelor,Caucasian,,1.016,0.99,0.14,0.8,0.14,0.82,0.15,0.68,0.98,0.23,0.41,0.88,0.94,0.83,0.08,0.3241,4. I viewed pornography multiple times a week,2. 6-15 minutes,,Heterosexual,False,False,False,False,False,False,False,True,True,False,AI with ethics is the only sustainable path 
S095,reddit6,22.5265,en,24/01/2024,22:34:25,chrome,True,Android OS,980.0,1845.0,Male,33,Canada,5,3,Master,Caucasian,,2.013933333333333,0.91,0.06,0.26,0.78,1.0,0.33,0.81,0.82,0.03,0.69,0.09,0.93,0.19,0.77,0.62835,3. I viewed pornography weekly,2. 6-15 minutes,2. Within the last 3 days,Heterosexual,False,True,False,True,False,False,False,False,False,False,
S096,reddit6,23.033066666666667,en,24/01/2024,22:52:22,edge-chromium,False,Windows 10,1528.0,742.0,Male,54,Canada,6,4,Master,Caucasian,,0.8718966666658721,0.94,0.65,0.55,0.78,0.56,0.88,0.26,0.89,0.77,0.31,0.62,0.53,0.62,0.72,0.3522666666666667,4. I viewed pornography multiple times a week,5. 36-45 minutes,1. Less than 24h ago,Heterosexual,False,True,False,False,False,True,True,False,False,False,
S097,reddit3,20.834933333333332,en,24/01/2024,21:24:23,chrome,False,Windows 10,1536.0,826.0,Male,30,USA,6,4,High School,Mixed,,1.3896266666690509,1.0,0.55,0.59,1.0,0.96,0.81,0.67,1.0,0.84,0.0,0.33,0.33,0.23,0.5,0.5229833333333334,5. I viewed pornography daily,1. Less than 5 minutes,1. Less than 24h ago,Heterosexual,False,True,False,False,False,True,False,False,True,False,
S098,reddit6,29.896250000000002,en,24/01/2024,20:21:00,chrome,True,Android OS,980.0,1666.0,Male,40,USA,6,2,Bachelor,Caucasian,,1.875106666666766,0.93,0.14,0.43,0.98,1.0,0.95,0.32,0.97,1.0,0.95,0.44,1.0,0.98,0.9,1.1174666666666666,2. I viewed pornography twice in the past 30 days,4. 26-35 minutes,3. within the last week,Heterosexual,False,False,False,True,False,False,False,False,True,False,
S099,reddit6,19.9328,en,24/01/2024,21:59:03,chrome,False,Windows 10,2560.0,1271.0,Male,27,USA,6,3,Bachelor,Caucasian,,1.263340000000596,0.74,0.66,0.4,1.0,1.0,1.0,0.5,0.5,0.63,0.59,0.27,0.4,0.69,1.0,0.44143333333333334,5. I viewed pornography daily,3. 16-25 minutes,1. Less than 24h ago,Homosexual,False,False,False,False,False,False,True,False,True,False,
S100,reddit6,27.421633333333332,en,24/01/2024,21:52:44,chrome,False,Windows 10,1536.0,742.0,Male,46,USA,6,1,Bachelor,Caucasian,,1.6861016666650774,0.64,0.54,0.07,0.63,0.95,0.61,0.77,0.65,0.13,0.3,0.54,0.69,0.67,0.62,0.5214,3. I viewed pornography weekly,3. 16-25 minutes,3. within the last week,Heterosexual,False,True,False,False,False,False,True,False,False,False,
S101,reddit6,20.017033333333334,en,24/01/2024,21:00:50,safari,False,Mac OS,820.0,1112.0,Male,49,USA,6,5,Master,Caucasian,,1.22315,0.19,0.18,0.16,1.0,0.8,0.87,0.61,0.2,0.32,0.54,0.19,0.69,0.22,0.67,0.53045,4. I viewed pornography multiple times a week,2. 6-15 minutes,1. Less than 24h ago,Heterosexual,True,True,False,True,False,False,False,False,True,False,
S102,reddit6,23.06683333333333,en,24/01/2024,21:49:05,chrome,False,Windows 10,1920.0,911.0,Male,60,USA,6,2,Bachelor,Caucasian,,1.3714349999984106,0.1,0.73,0.19,0.01,0.62,0.04,0.33,0.5,0.5,0.83,0.64,0.25,0.35,0.27,0.4453166666666667,6. I viewed pornography multiple times a day,1. Less than 5 minutes,1. Less than 24h ago,Heterosexual,False,True,False,True,False,False,False,False,False,False,
S103,reddit6,19.93515,en,24/01/2024,21:21:47,chrome,True,Android OS,980.0,1708.0,Male,34,USA,6,4,Bachelor,Caucasian,,1.4199866666674614,1.0,0.72,0.61,0.64,0.66,0.57,0.63,0.79,0.83,0.61,1.0,0.61,0.6,0.56,0.5235666666666667,0. I haven't viewed pornography in the past 30 days,2. 6-15 minutes,3. within the last week,Heterosexual,False,True,False,False,False,False,False,False,True,False,
S104,reddit6,22.445749999999997,en,24/01/2024,22:20:35,chrome,True,Android OS,980.0,1807.0,Male,22,Colombia,4,5,High School,Caucasian,,1.6904199999809266,1.0,0.56,0.09,1.0,0.95,0.66,0.43,0.69,0.38,0.32,0.65,0.88,0.38,0.7,0.5692833333333333,3. I viewed pornography weekly,2. 6-15 minutes,1. Less than 24h ago,Heterosexual,True,False,False,True,False,False,True,False,False,False,
S105,reddit6,29.17031666666667,en,24/01/2024,22:06:13,chrome,False,Windows 10,1536.0,739.0,Male,22,USA,6,2,High School,Caucasian,,1.4875400000000374,0.82,0.57,0.04,0.66,0.98,0.56,0.11,0.59,0.79,0.53,0.64,0.81,0.36,0.39,0.48383333333333334,4. I viewed pornography multiple times a week,4. 26-35 minutes,1. Less than 24h ago,Heterosexual,False,False,False,False,False,False,False,False,False,False,
S106,reddit6,17.590683333333335,en,25/01/2024,11:53:24,safari,False,Mac OS,1440.0,795.0,Other,37,Argentina,5,5,Bachelor,Caucasian,No,0.9674833333333334,0.3,0.33,0.64,1.0,1.0,1.0,0.6,0.08,0.25,1.0,0.16,1.0,1.0,1.0,0.35605,1. I viewed pornography once in the past 30 days,1. Less than 5 minutes,3. within the last week,Bisexual,True,False,False,True,False,False,False,False,True,False,
S107,reddit3,29.77835,en,25/01/2024,08:50:49,chrome,False,Mac OS,1440.0,692.0,Male,34,USA,6,3,High School,Caucasian,,2.55729500000005,0.85,0.61,0.15,1.0,0.91,1.0,0.13,0.89,0.89,0.74,0.0,0.84,0.3,1.0,0.9838666666666666,5. I viewed pornography daily,5. 36-45 minutes,1. Less than 24h ago,Heterosexual,False,True,False,True,False,False,True,False,True,False,
S108,reddit6,28.3664,en,25/01/2024,16:31:54,ios,True,iOS,980.0,1684.0,Male,30,Spain,6,3,Bachelor,Caucasian,,1.8158000000000039,0.95,0.36,0.34,0.8,0.76,0.06,0.37,0.76,0.48,0.73,0.29,0.81,0.75,0.3,0.71195,4. I viewed pornography multiple times a week,3. 16-25 minutes,1. Less than 24h ago,Bisexual,True,False,False,True,False,False,False,False,False,True,
S109,reddit6,22.799899999999997,en,25/01/2024,19:52:44,firefox,False,Windows 10,1707.0,827.0,Male,19,Canada,5,4,High School,,,1.0220666666666667,0.51,0.54,0.5,0.53,0.95,0.52,0.88,0.54,0.45,0.85,0.46,0.36,0.8,0.5,0.30428333333333335,3. I viewed pornography weekly,3. 16-25 minutes,2. Within the last 3 days,Heterosexual,True,True,True,False,False,False,False,False,True,False,
S110,reddit6,22.12345,en,25/01/2024,09:32:53,chrome,True,Android OS,980.0,1852.0,Male,36,USA,6,4,Bachelor,Caucasian,,1.256213333333532,0.6,0.88,0.59,1.0,1.0,1.0,0.62,0.68,0.86,0.59,0.43,0.3,0.62,0.69,0.59475,4. I viewed pornography multiple times a week,4. 26-35 minutes,1. Less than 24h ago,Heterosexual,False,True,True,False,False,False,True,False,True,False,
S111,reddit6,24.70853333333333,en,25/01/2024,07:25:40,ios,True,iOS,980.0,1716.0,Male,36,USA,6,6,Bachelor,Caucasian,,1.712300000000002,0.57,0.3,0.42,1.0,0.76,0.73,0.55,1.0,0.21,0.76,0.72,0.83,0.66,0.72,0.4623666666666667,2. I viewed pornography twice in the past 30 days,1. Less than 5 minutes,4. Within the last month,Heterosexual,False,False,False,True,False,False,True,True,False,False,Nice
S112,reddit6,78.88193333333334,en,25/01/2024,09:18:49,chrome,False,Windows 10,1280.0,593.0,Male,46,USA,6,5,Bachelor,Caucasian,,1.2961333333333334,0.24,0.44,0.58,0.96,0.71,0.95,0.79,0.52,0.27,0.39,0.53,0.7,0.65,0.89,0.6759166666666666,4. I viewed pornography multiple times a week,2. 6-15 minutes,1. Less than 24h ago,Heterosexual,False,False,False,False,False,False,True,True,True,False,
S113,reddit6,17.438283333333334,en,25/01/2024,15:05:55,chromium-webview,True,Android OS,1440.0,2772.0,Male,28,UK,6,5,Master,Caucasian,,1.114519999998808,0.57,0.18,0.16,1.0,0.79,1.0,0.66,0.65,0.18,0.85,0.83,1.0,0.75,0.76,0.44784999999999997,3. I viewed pornography weekly,3. 16-25 minutes,1. Less than 24h ago,Heterosexual,False,False,False,False,False,False,True,False,False,False,
S114,reddit6,125.18055,en,25/01/2024,08:27:00,chrome,False,Windows 10,2048.0,1018.0,Male,35,USA,6,4,High School,Caucasian,,0.8463850000003974,0.0,0.65,0.0,1.0,1.0,1.0,0.82,0.0,0.17,1.0,1.0,1.0,1.0,1.0,0.28043333333333337,4. I viewed pornography multiple times a week,2. 6-15 minutes,2. Within the last 3 days,Heterosexual,False,True,False,True,False,False,False,False,True,False,
S115,reddit6,23.226733333333335,en,25/01/2024,15:43:14,chrome,True,Android OS,980.0,1806.0,Male,50,Poland,5,3,Master,Caucasian,,1.1363333333333334,1.0,0.73,0.27,1.0,0.91,0.71,0.3,1.0,0.84,0.8,0.93,0.7,0.93,0.6,0.5011166666666667,4. I viewed pornography multiple times a week,3. 16-25 minutes,1. Less than 24h ago,Heterosexual,False,True,False,True,False,False,True,False,True,False,No
S116,reddit6,23.77351666666667,en,25/01/2024,22:58:27,ios,True,iOS,980.0,1722.0,Male,31,Australia,6,3,Bachelor,Caucasian,,1.5382833333333332,0.62,0.73,0.66,0.96,0.82,0.73,0.74,0.77,0.44,0.27,0.03,0.72,0.63,0.64,0.49795,2. I viewed pornography twice in the past 30 days,3. 16-25 minutes,3. within the last week,Bisexual,False,True,True,False,False,False,False,False,False,False,
S117,reddit6,21.943483333333333,en,25/01/2024,14:50:51,firefox,False,Windows 10,1707.0,934.0,Male,26,USA,4,3,Bachelor,Asian,,1.2366666666666668,0.59,0.17,0.02,1.0,0.9,1.0,0.97,0.53,0.0,0.96,0.54,0.66,0.9,0.85,0.33565,4. I viewed pornography multiple times a week,5. 36-45 minutes,2. Within the last 3 days,Heterosexual,True,False,False,True,False,False,False,False,False,False,
S118,readme,16.102566666666668,en,25/01/2024,16:12:34,firefox,False,Mac OS,1920.0,942.0,Male,29,Italy,5,5,Master,Caucasian,,1.03275,1.0,0.83,0.69,0.83,0.72,0.3,0.31,1.0,0.67,0.34,1.0,0.18,0.74,0.33,0.3375833333333333,4. I viewed pornography multiple times a week,3. 16-25 minutes,2. Within the last 3 days,Heterosexual,False,True,False,False,False,True,True,False,False,False,"Don't know if it's intentional, but found the label green/red to be reversed on different test tries"
S119,reddit6,17.99031666666667,en,25/01/2024,16:14:15,ios,True,iOS,980.0,1684.0,Male,40,UK,6,4,Master,Caucasian,,1.2057,0.7,0.86,0.63,1.0,0.85,0.97,0.58,0.8,0.6,0.23,0.21,0.24,0.33,0.74,0.3766666666666667,3. I viewed pornography weekly,2. 6-15 minutes,3. within the last week,Heterosexual,True,False,False,False,False,False,False,False,False,True,
S120,reddit6,18.683316666666666,en,25/01/2024,12:36:42,chrome,False,Mac OS,1190.0,734.0,Male,40,USA,6,4,Bachelor,Caucasian,,0.8905716666698456,0.96,0.9,0.04,0.82,1.0,0.61,0.82,0.77,0.7,0.28,0.78,0.13,0.46,0.45,0.2657833333333333,4. I viewed pornography multiple times a week,2. 6-15 minutes,1. Less than 24h ago,Heterosexual,False,False,False,True,False,False,False,False,False,True,
S121,reddit6,27.614233333333335,en,25/01/2024,17:15:11,chrome,False,Windows 10,2558.0,1303.0,Male,31,France,6,6,Master,Russian,,1.9703433333327374,0.2,0.0,0.0,1.0,1.0,1.0,0.5,0.0,0.3,1.0,0.5,1.0,1.0,1.0,0.52385,5. I viewed pornography daily,2. 6-15 minutes,1. Less than 24h ago,Heterosexual,False,True,False,False,False,False,True,False,True,False,
S122,reddit6,31.612833333333334,en,25/01/2024,09:17:36,ios,True,iOS,980.0,1661.0,Male,29,USA,6,6,Doctorate,Asian,,1.6179166666666667,0.8,0.61,0.11,0.94,0.99,0.98,0.74,0.65,0.82,0.15,0.27,0.96,0.77,0.65,0.59305,4. I viewed pornography multiple times a week,6. 46+ minutes,1. Less than 24h ago,Heterosexual,False,True,False,True,False,False,False,False,True,False,"Though not in this set of images, I can usually tell that an image was created by an AI if it contains faces. In those cases I’ve often found the AI generated faces prettier, even if they’re less realistic."
S123,reddit6,22.884616666666666,en,25/01/2024,12:32:13,chrome,True,Android OS,980.0,1847.0,Male,30,USA,6,3,Bachelor,Caucasian,,2.184283333333333,0.94,0.48,0.45,0.42,0.61,0.56,0.54,0.65,0.36,0.0,0.0,0.5,0.41,0.23,0.5297333333333333,4. I viewed pornography multiple times a week,4. 26-35 minutes,2. Within the last 3 days,Other,True,False,False,False,False,False,True,False,True,False,
S124,reddit6,25.047383333333336,en,25/01/2024,19:28:02,chrome,False,Windows 10,1600.0,789.0,Male,30,USA,6,4,Master,Caucasian,,1.1006866666634878,0.0,0.8,0.18,1.0,0.78,1.0,0.2,0.13,0.84,0.2,0.0,0.22,0.84,1.0,0.4914833333333333,3. I viewed pornography weekly,3. 16-25 minutes,1. Less than 24h ago,Heterosexual,False,True,False,False,False,False,False,False,True,False,
S125,reddit6,47.8581,en,25/01/2024,17:10:58,chrome,True,Android OS,980.0,1835.0,Male,20,Spain,4,5,Bachelor,Arab,,1.3763899999936422,0.81,1.0,0.36,0.86,0.64,0.87,1.0,0.57,0.0,0.0,0.22,0.0,0.57,1.0,0.5273,4. I viewed pornography multiple times a week,4. 26-35 minutes,2. Within the last 3 days,Other,True,False,False,False,True,False,False,False,True,False,
S126,reddit6,32.8026,en,25/01/2024,17:56:27,firefox,False,Windows 10,1408.0,650.0,Male,42,France,3,3,Master,Caucasian,,1.5939207666666673,0.8,0.5,0.19,0.51,0.83,0.48,0.08,0.89,0.51,0.84,0.78,0.81,0.51,0.28,0.7011333333333333,4. I viewed pornography multiple times a week,2. 6-15 minutes,3. within the last week,Heterosexual,False,False,False,True,False,False,True,False,False,True,"in second test, it is to quickly for viewing"
S127,reddit6,23.881283333333332,en,25/01/2024,15:43:39,firefox,False,Windows 10,1920.0,967.0,Male,29,Brazil,5,4,Master,Caucasian,,1.78245,0.05,0.7,0.09,1.0,0.85,0.95,0.85,0.59,0.14,0.94,0.12,0.87,0.8,0.85,0.6476833333333333,5. I viewed pornography daily,5. 36-45 minutes,1. Less than 24h ago,Heterosexual,False,True,False,False,True,False,False,False,True,False,"Thanks for all the hard work, I hope your research provide great results, have a happy 2024!"
S128,reddit6,21.539383333333333,en,25/01/2024,20:34:14,chrome,True,Android OS,980.0,1858.0,Male,28,The Netherlands,5,3,Bachelor,Caucasian,,1.6305633333325387,0.39,0.7,0.31,0.69,0.99,0.94,0.26,0.68,0.25,0.62,0.5,0.61,0.78,0.76,0.5809666666666666,3. I viewed pornography weekly,4. 26-35 minutes,1. Less than 24h ago,Heterosexual,False,False,False,True,False,False,False,False,False,True,The pictures went very fast
S129,reddit6,16.7668,en,25/01/2024,19:11:49,chrome,True,Android OS,980.0,1813.0,Male,37,USA,6,5,Master,Caucasian,,0.9575316666662693,0.82,0.76,0.32,0.31,0.95,0.16,0.67,1.0,0.67,0.9,0.7,0.84,0.89,0.1,0.23201666666666665,4. I viewed pornography multiple times a week,2. 6-15 minutes,3. within the last week,Bisexual,False,True,False,True,False,False,False,False,False,True,
S130,reddit6,20.906783333333333,en,25/01/2024,16:24:47,chrome,True,Android OS,980.0,1864.0,Male,27,Greece,5,5,High School,Caucasian,,1.5159999999999998,0.0,0.2,0.72,1.0,0.8,1.0,1.0,0.11,0.58,0.35,0.02,0.39,0.74,0.74,0.9091166666666666,5. I viewed pornography daily,3. 16-25 minutes,1. Less than 24h ago,Heterosexual,True,False,False,True,True,False,False,False,False,True,Too many men 
S131,reddit3,19.897066666666667,en,25/01/2024,14:25:04,chrome,False,Mac OS,1440.0,813.0,Male,20,USA,6,3,High School,Caucasian,,1.4383049999999502,0.42,0.73,0.35,1.0,0.85,0.63,0.53,0.47,0.59,0.2,0.19,0.54,0.45,0.62,0.3760833333333334,5. I viewed pornography daily,3. 16-25 minutes,1. Less than 24h ago,Heterosexual,False,True,False,False,True,False,True,False,True,False,na
S132,reddit6,21.759883333333335,en,25/01/2024,15:09:36,chrome,False,Windows 10,1360.0,607.0,Male,61,USA,6,4,Bachelor,Caucasian,,1.3878833333333334,0.73,0.77,0.5,0.71,0.74,0.32,0.48,0.72,0.29,0.56,0.22,0.61,0.33,0.74,0.45981666666666665,2. I viewed pornography twice in the past 30 days,3. 16-25 minutes,1. Less than 24h ago,Bisexual,True,False,False,True,False,False,False,False,True,False,
S133,reddit6,24.066866666666666,en,25/01/2024,21:09:48,firefox,False,Linux,2560.0,1335.0,Male,30,Norway,5,4,Bachelor,Caucasian Is Not An Ethnicity,,3.7352,1.0,0.58,0.79,0.83,0.72,0.51,0.92,0.99,0.22,0.05,1.0,0.1,0.99,0.1,0.3062666666666667,5. I viewed pornography daily,2. 6-15 minutes,2. Within the last 3 days,Bisexual,True,False,False,False,False,False,False,False,False,False,
S134,reddit6,21.0053,en,25/01/2024,12:49:42,firefox,False,Windows 10,1998.0,874.0,Male,46,USA,6,4,Bachelor,Caucasian,,1.4287999999999998,0.9,0.71,0.52,0.99,0.72,0.88,0.46,0.82,0.4,0.3,0.36,0.25,0.07,0.23,0.4858,4. I viewed pornography multiple times a week,3. 16-25 minutes,1. Less than 24h ago,Bisexual,False,True,False,False,False,True,False,False,False,False,
S135,reddit6,18.814266666666665,en,25/01/2024,17:21:25,chrome,True,Android OS,980.0,1833.0,Male,42,Germany,5,3,Master,Caucasian,,0.9783333333333334,0.79,0.32,0.15,1.0,0.8,0.98,0.67,0.86,0.8,0.83,0.14,0.82,0.85,0.9,0.48466666666666663,4. I viewed pornography multiple times a week,1. Less than 5 minutes,2. Within the last 3 days,Heterosexual,True,False,False,False,False,False,True,False,False,True,
S136,reddit6,23.295333333333335,en,25/01/2024,14:36:20,firefox,False,Windows 10,1920.0,947.0,Male,20,Netherlands,5,2,High School,Caucasian,,1.8171833333333334,0.0,0.06,0.09,1.0,0.89,0.88,0.67,0.8,0.01,0.52,0.13,1.0,0.89,0.81,0.5115666666666666,4. I viewed pornography multiple times a week,2. 6-15 minutes,1. Less than 24h ago,Bisexual,False,True,False,False,False,False,False,False,False,True,
S137,reddit6,18.71923333333333,en,25/01/2024,18:51:07,firefox,False,Linux,1920.0,965.0,Male,30,Australia,6,4,Other,Caucasian,,0.8871333333333333,1.0,0.0,0.0,1.0,1.0,1.0,0.0,1.0,1.0,1.0,0.52,1.0,1.0,0.21,0.3545166666666667,6. I viewed pornography multiple times a day,6. 46+ minutes,1. Less than 24h ago,Heterosexual,True,False,False,False,False,False,False,False,False,True,
S138,reddit3,36.69838333333333,en,25/01/2024,07:55:58,crios,True,iOS,980.0,1445.0,Other,39,USA,6,3,Bachelor,Black,No,1.7708333333333333,0.67,1.0,0.0,1.0,1.0,0.74,0.54,0.0,0.87,0.37,0.04,0.55,0.53,0.5,0.43119999999999997,3. I viewed pornography weekly,2. 6-15 minutes,1. Less than 24h ago,Other,False,True,False,False,False,False,False,False,False,False,I’d like to see the final results.
S139,reddit6,26.2889,en,25/01/2024,01:35:24,ios,True,iOS,980.0,1656.0,Male,22,UK,6,5,Bachelor,Caucasian,,1.83105,0.98,0.57,0.0,1.0,0.98,1.0,0.82,1.0,0.33,0.4,0.27,0.94,0.91,0.71,0.4155,4. I viewed pornography multiple times a week,2. 6-15 minutes,1. Less than 24h ago,Heterosexual,False,True,False,True,False,False,False,False,True,False,
S140,reddit6,21.797733333333333,en,25/01/2024,03:06:02,firefox,False,Windows 10,1920.0,1057.0,Male,42,Germany,4,4,Bachelor,Caucasian,,1.4417166666666668,0.18,0.27,0.27,1.0,1.0,0.69,0.84,0.6,0.4,0.78,0.6,1.0,1.0,1.0,0.44745,4. I viewed pornography multiple times a week,6. 46+ minutes,1. Less than 24h ago,Heterosexual,False,True,False,True,False,False,True,False,False,False,
S141,reddit6,27.15695,en,25/01/2024,02:26:28,chrome,True,Android OS,980.0,1792.0,Male,23,UK,6,5,Bachelor,Caucasian,,1.842913333333346,0.59,0.57,0.4,1.0,1.0,1.0,0.48,0.7,1.0,0.61,0.0,0.88,0.78,0.96,0.4236333333333333,4. I viewed pornography multiple times a week,3. 16-25 minutes,1. Less than 24h ago,Heterosexual,False,True,False,True,False,False,False,False,True,False,
S142,reddit6,31.918783333333334,en,25/01/2024,01:02:37,chrome,True,Android OS,980.0,1450.0,Male,45,Germany,4,4,High School,Caucasian,,2.7552616666666854,0.79,0.22,0.24,0.88,0.9,0.72,0.25,0.55,0.55,0.9,0.61,0.88,0.78,0.37,0.8884166666666666,4. I viewed pornography multiple times a week,3. 16-25 minutes,1. Less than 24h ago,Heterosexual,True,False,False,False,False,False,True,False,False,True,Not mobile friendly
S143,reddit6,24.957216666666667,en,25/01/2024,00:24:20,chrome,False,Windows 10,1536.0,703.0,Male,21,Poland,5,5,High School,Caucasian,,1.3210116666666543,0.2,0.43,0.2,0.76,1.0,0.86,0.25,0.0,1.0,0.74,0.0,0.38,0.53,1.0,0.4844666666666667,4. I viewed pornography multiple times a week,4. 26-35 minutes,3. within the last week,Heterosexual,False,True,False,False,False,False,False,False,True,False,
S144,reddit6,24.448766666666664,en,25/01/2024,09:19:05,firefox,False,Windows 10,1366.0,681.0,Male,23,Australia,6,6,High School,Caucasian,,0.9355166666666667,0.0,0.67,0.0,1.0,1.0,1.0,0.0,0.0,1.0,1.0,0.0,1.0,1.0,1.0,0.5858833333333333,3. I viewed pornography weekly,3. 16-25 minutes,3. within the last week,Heterosexual,True,False,False,True,True,False,False,False,True,False,
S145,reddit6,23.860783333333334,en,25/01/2024,09:04:27,opera,False,Windows 10,1866.0,922.0,Male,28,Russia,4,3,High School,Caucasian,,1.1567650000015894,1.0,1.0,1.0,0.0,0.5,0.0,1.0,1.0,0.0,0.82,0.0,0.0,0.0,0.0,0.7285,6. I viewed pornography multiple times a day,4. 26-35 minutes,1. Less than 24h ago,Heterosexual,True,False,False,False,False,False,True,True,False,True,AI porn is just the worst. 
S146,reddit6,24.558049999999998,en,25/01/2024,01:10:34,chrome,True,Android OS,980.0,1769.0,Male,40,USA,6,4,High School,Caucasian,,2.031633333333333,0.74,1.0,1.0,1.0,0.88,1.0,0.71,0.61,0.73,0.0,0.58,0.0,0.19,1.0,0.7901333333333334,6. I viewed pornography multiple times a day,6. 46+ minutes,1. Less than 24h ago,Heterosexual,True,False,False,False,False,False,True,False,True,False,"The images did not stay visible long enough to search for artifacts, yet some of the artifacts were blatant and ruined the authenticity of the image. "
S147,reddit6,15.9778,en,25/01/2024,07:46:55,firefox,True,Android OS,895.0,1700.0,Male,26,Australia,6,5,Bachelor,Asian,,0.6891666666666667,0.4,0.24,0.24,0.39,1.0,0.64,0.36,0.7,0.67,0.92,0.21,0.63,0.75,0.37,0.3340666666666667,4. I viewed pornography multiple times a week,3. 16-25 minutes,2. Within the last 3 days,Heterosexual,False,False,False,False,False,False,False,False,False,True,why all men 
S148,reddit6,37.7592,en,25/01/2024,07:26:49,edge-chromium,False,Windows 10,1442.0,790.0,Male,23,Spain,5,2,Bachelor,Caucasian,,3.6135383333365128,0.75,0.62,0.68,0.62,0.56,0.42,0.38,0.55,0.44,0.13,0.15,0.64,0.64,0.65,0.94895,6. I viewed pornography multiple times a day,1. Less than 5 minutes,1. Less than 24h ago,Heterosexual,False,True,False,False,False,True,True,False,False,True,
S149,reddit6,18.487133333333336,en,25/01/2024,19:59:13,chrome,False,Mac OS,1388.0,754.0,Male,33,New Zealand,6,3,Bachelor,Caucasian,,0.7455300000001988,0.61,0.84,0.0,1.0,0.75,0.79,0.55,0.5,0.36,0.83,0.5,0.41,0.85,0.5,0.2058,5. I viewed pornography daily,6. 46+ minutes,1. Less than 24h ago,Heterosexual,True,False,False,False,False,False,True,False,False,True,
S150,reddit6,18.308583333333335,en,25/01/2024,09:40:48,chrome,False,Windows 10,2560.0,1271.0,Male,34,Estonia,5,5,High School,Caucasian,,1.2372016666665673,0.21,0.75,0.2,1.0,0.24,1.0,0.14,0.1,0.09,0.76,0.09,0.85,0.17,1.0,0.30401666666666666,5. I viewed pornography daily,2. 6-15 minutes,1. Less than 24h ago,Heterosexual,False,True,False,False,False,False,False,False,True,False,
S151,reddit6,19.960683333333336,en,25/01/2024,08:08:12,chrome,True,Android OS,980.0,1899.0,Male,27,UK,6,4,High School,Caucasian,,1.0353733333309492,0.32,0.61,0.15,0.79,1.0,0.85,0.28,0.69,1.0,0.89,0.88,0.91,0.91,0.54,0.38645,4. I viewed pornography multiple times a week,5. 36-45 minutes,1. Less than 24h ago,Heterosexual,False,False,False,False,False,False,False,True,False,False,
S152,reddit6,25.438983333333333,en,25/01/2024,08:23:47,ios,True,iOS,980.0,1665.0,Male,34,UK,6,3,Master,Caucasian,,1.6492499999999999,1.0,0.19,0.23,0.78,0.94,0.97,0.24,0.91,0.94,0.93,0.68,0.98,0.92,0.21,0.5344333333333334,0. I haven't viewed pornography in the past 30 days,3. 16-25 minutes,1. Less than 24h ago,Heterosexual,False,True,False,False,False,False,True,False,True,False,
S153,reddit6,22.478650000000002,en,25/01/2024,09:37:16,chrome,True,Android OS,980.0,1864.0,Male,36,Germany,6,6,Doctorate,Caucasian,,1.0640033333332588,1.0,0.88,0.12,0.78,0.9,0.77,0.77,1.0,0.38,0.24,1.0,0.36,0.71,0.28,0.4814666666666667,1. I viewed pornography once in the past 30 days,2. 6-15 minutes,1. Less than 24h ago,Heterosexual,False,True,False,True,False,False,True,False,False,False,
S154,reddit6,31.18365,en,25/01/2024,10:10:22,chrome,True,Android OS,980.0,1864.0,Male,35,Germany,4,3,Doctorate,Caucasian,,2.1328016666665675,0.62,0.8,1.0,0.82,0.95,0.81,0.23,0.22,0.81,0.0,0.0,0.82,0.0,0.66,0.8292333333333333,4. I viewed pornography multiple times a week,4. 26-35 minutes,1. Less than 24h ago,Heterosexual,False,True,False,False,False,False,False,False,True,False,"In the blink of an eye you can, of course, not differentiate between AI made and human made pictures. However, the same is true for situations happening in real life (e.g. did a person drive a red or green car if I only saw it as part of a picture for the fraction of a second. It takes time to spot AI made content. But it also takes time to grasp a picture at all for verifying if there are any flaws."
S155,reddit6,23.525166666666667,en,25/01/2024,05:31:09,firefox,False,Mac OS,3440.0,1245.0,Male,47,Australia,6,4,High School,Caucasian,,1.62775,1.0,1.0,0.47,1.0,1.0,1.0,1.0,1.0,0.78,0.92,0.0,0.88,0.0,0.0,0.44265000000000004,4. I viewed pornography multiple times a week,3. 16-25 minutes,2. Within the last 3 days,Bisexual,False,True,False,True,False,False,True,False,True,False,images should be shows for longer to see more details
S156,reddit3,25.996433333333336,en,25/01/2024,14:29:54,firefox,True,Android OS,980.0,1851.0,Male,27,Pakistan,4,5,Bachelor,Asian,,1.4398000000000002,0.22,0.88,0.74,0.98,0.79,1.0,0.84,0.75,0.23,0.97,0.24,0.28,0.75,0.8,0.5456833333333333,4. I viewed pornography multiple times a week,3. 16-25 minutes,2. Within the last 3 days,Heterosexual,False,True,False,True,True,False,True,False,True,False,now I am worried and excited about the future of AI. I guess a erotic content will be generated more as compared to the real in the future.
S157,reddit6,21.979016666666666,en,25/01/2024,09:53:01,chrome,True,Android OS,980.0,1831.0,Male,38,UK,6,3,Bachelor,Caucasian,,1.3211100000003975,0.97,0.85,0.78,0.68,0.84,0.61,0.86,0.95,0.32,0.28,0.39,0.64,0.37,0.38,0.6880666666666666,4. I viewed pornography multiple times a week,2. 6-15 minutes,2. Within the last 3 days,Heterosexual,False,True,True,False,True,False,False,False,True,False,
S158,reddit6,27.743516666666668,en,25/01/2024,10:33:10,chrome,False,Mac OS,1920.0,934.0,Male,29,United Kingdom,6,3,High School,Mixed,,1.4517033333331346,0.0,0.13,0.16,1.0,1.0,1.0,0.93,0.0,0.04,0.23,0.14,0.77,1.0,1.0,0.9699166666666666,2. I viewed pornography twice in the past 30 days,2. 6-15 minutes,5. Within the last year,Heterosexual,False,True,False,True,False,False,False,False,False,True,
S159,reddit6,23.706799999999998,en,25/01/2024,22:29:10,chrome,True,Android OS,980.0,1863.0,Male,31,Australia,6,2,Bachelor,Caucasian,,1.1362716666678587,0.96,0.83,0.08,0.45,0.65,0.25,0.69,0.88,0.32,0.37,0.39,0.0,0.0,0.24,0.3547,4. I viewed pornography multiple times a week,3. 16-25 minutes,1. Less than 24h ago,Heterosexual,False,False,False,False,False,True,True,False,False,False,
S160,reddit5,90.68193333333333,en,25/01/2024,04:24:04,chrome,False,Linux,1618.0,807.0,Male,35,USA,6,6,Bachelor,,,1.0887216666668655,0.2,0.74,0.38,0.99,0.69,0.91,0.91,0.0,0.44,0.46,0.0,0.29,0.53,0.43,0.42726666666666663,3. I viewed pornography weekly,3. 16-25 minutes,3. within the last week,Heterosexual,True,False,False,False,False,False,True,False,False,False,
S161,reddit6,24.47603333333333,en,25/01/2024,11:29:42,firefox,False,Windows 10,2560.0,1315.0,Male,24,,6,4,High School,Caucasian,,1.2950259,0.35,0.39,0.1,0.86,0.87,0.77,1.0,0.5,0.02,0.6,0.63,0.72,0.86,0.85,0.4586166666666667,4. I viewed pornography multiple times a week,4. 26-35 minutes,2. Within the last 3 days,Bisexual,False,True,False,False,True,False,True,False,True,False,
S162,reddit6,18.14135,en,25/01/2024,11:37:35,chrome,True,Android OS,980.0,1829.0,Male,25,UK,6,3,Master,Caucasian,,0.6893466666698456,1.0,0.3,0.21,0.62,1.0,0.0,0.55,0.98,0.33,0.7,0.91,0.81,0.59,0.0,0.2983166666666667,4. I viewed pornography multiple times a week,2. 6-15 minutes,2. Within the last 3 days,Heterosexual,False,False,False,True,False,False,False,False,True,False,Images moved past too quick to actually look for the telltail signs of ai
S163,reddit6,44.83903333333333,en,25/01/2024,11:16:32,safari,False,Mac OS,1590.0,1085.0,Male,26,United Kingdom,5,5,Bachelor,Hispanic,,1.68785,0.79,0.73,0.33,0.73,0.74,0.7,0.34,0.74,0.24,0.73,1.0,0.72,0.74,0.31,0.5639666666666667,0. I haven't viewed pornography in the past 30 days,1. Less than 5 minutes,3. within the last week,Heterosexual,False,True,False,True,False,False,True,False,False,False,All pics are real
S164,reddit6,22.83716666666667,en,25/01/2024,02:14:03,chrome,False,Windows 10,1920.0,919.0,Male,34,Philippines,6,6,Bachelor,Asian,,1.9625183333337306,0.67,1.0,0.39,1.0,0.84,0.83,0.59,0.62,0.71,0.37,0.12,0.55,0.62,0.39,0.8510500000000001,4. I viewed pornography multiple times a week,5. 36-45 minutes,1. Less than 24h ago,Heterosexual,False,True,False,False,False,False,True,False,True,False,
S165,reddit6,17.596533333333333,en,25/01/2024,15:26:49,edge-chromium,True,Android OS,980.0,1963.0,Male,24,Iran,5,5,Master,Caucasian,,0.12402000000004967,0.5,0.5,0.5,0.5,0.5,0.5,0.5,0.5,0.5,0.5,0.5,0.5,0.5,0.5,0.47250000000000003,4. I viewed pornography multiple times a week,3. 16-25 minutes,1. Less than 24h ago,Heterosexual,False,True,False,False,False,False,True,True,False,True,
S166,reddit6,25.325016666666667,en,25/01/2024,13:14:42,firefox,False,Windows 10,1920.0,927.0,Male,37,Germany,5,3,Bachelor,Caucasian,,1.61845,0.92,0.64,0.42,0.73,0.69,0.39,0.56,0.88,0.41,0.6,0.78,0.26,0.29,0.05,0.42216666666666663,4. I viewed pornography multiple times a week,4. 26-35 minutes,1. Less than 24h ago,Heterosexual,False,True,False,False,False,True,True,False,False,False,
S167,reddit6,20.064166666666665,en,25/01/2024,13:23:54,chrome,True,Android OS,980.0,1816.0,Male,33,Sweden,5,4,Master,Caucasian,,1.4605416666666666,1.0,0.65,0.35,0.67,0.6,0.71,0.88,1.0,0.27,0.35,0.68,0.31,0.64,0.3,0.31229999999999997,3. I viewed pornography weekly,1. Less than 5 minutes,2. Within the last 3 days,Bisexual,True,False,False,False,False,False,True,False,True,False,
S168,reddit6,30.740150000000003,en,25/01/2024,08:10:34,chrome,False,Windows 10,1770.0,835.0,Male,54,Canada,6,2,Bachelor,Caucasian,,1.1314533333331347,0.61,0.5,0.4,0.64,0.99,0.53,0.46,0.91,0.64,0.49,0.57,0.48,0.61,0.55,0.4033,4. I viewed pornography multiple times a week,3. 16-25 minutes,1. Less than 24h ago,Heterosexual,False,True,False,False,False,False,False,False,True,False,
S169,reddit6,724.65515,en,25/01/2024,08:17:08,firefox,False,Windows 10,1450.0,724.0,Male,80,USA,6,3,Doctorate,Caucasian,,1.4279166666666667,0.2,0.66,0.13,0.84,0.62,0.47,0.41,0.43,0.59,0.27,0.28,0.29,0.31,0.64,0.43689999999999996,3. I viewed pornography weekly,3. 16-25 minutes,3. within the last week,Heterosexual,False,False,False,True,False,False,False,False,False,False,
